_id,start_time,end_time
1,2011-06-02T06:11,2011-06-02T16:17
2,2011-06-03T05:49,2011-06-03T19:04
3,2011-06-06T06:38,2011-06-06T19:37
4,2011-06-07T07:47,2011-06-07T19:04
5,2011-06-08T06:00,2011-06-08T17:37
6,2011-06-09T10:20,2011-06-09T18:56
7,2011-06-10T09:56,2011-06-10T17:40
8,2011-06-13T10:34,2011-06-13T16:32
9,2011-06-14T07:28,2011-06-14T17:53
10,2011-06-15T05:54,2011-06-15T18:13
11,2011-06-16T05:26,2011-06-16T19:02
12,2011-06-17T09:16,2011-06-17T19:55
13,2011-06-20T07:20,2011-06-20T20:00
14,2011-06-21T11:34,2011-06-21T18:22
15,2011-06-22T05:58,2011-06-22T20:51
16,2011-06-23T07:52,2011-06-23T19:34
17,2011-06-24T06:05,2011-06-24T17:12
18,2011-06-27T05:03,2011-06-27T16:20
19,2011-06-28T05:52,2011-06-28T17:58
20,2011-06-29T11:42,2011-06-29T19:30
21,2011-06-30T12:28,2011-06-30T20:38
22,2011-07-01T12:15,2011-07-01T18:35
23,2011-07-04T05:11,2011-07-04T16:14
24,2011-07-05T09:20,2011-07-05T18:34
25,2011-07-06T08:06,2011-07-06T16:23
26,2011-07-07T12:44,2011-07-07T18:31
27,2011-07-08T09:01,2011-07-08T18:56
28,2011-07-11T09:28,2011-07-11T17:55
29,2011-07-12T08:31,2011-07-12T16:38
30,2011-07-13T05:48,2011-07-13T19:42
31,2011-07-14T08:59,2011-07-14T16:27
32,2011-07-15T11:04,2011-07-15T18:33
33,2011-07-18T09:30,2011-07-18T19:56
34,2011-07-19T09:09,2011-07-19T18:26
35,2011-07-20T07:54,2011-07-20T16:42
36,2011-07-21T10:01,2011-07-21T20:41
37,2011-07-22T05:58,2011-07-22T19:56
38,2011-07-25T12:05,2011-07-25T19:19
39,2011-07-26T09:28,2011-07-26T17:30
40,2011-07-27T12:35,2011-07-27T19:12
41,2011-07-28T07:34,2011-07-28T18:33
42,2011-07-29T06:43,2011-07-29T18:23
43,2011-08-01T05:11,2011-08-01T18:08
44,2011-08-02T09:43,2011-08-02T20:06
45,2011-08-03T10:36,2011-08-03T20:53
46,2011-08-04T09:52,2011-08-04T16:27
47,2011-08-05T11:48,2011-08-05T18:01
48,2011-08-08T12:53,2011-08-08T18:08
49,2011-08-09T06:52,2011-08-09T20:28
50,2011-08-10T07:34,2011-08-10T17:35
51,2011-08-11T10:23,2011-08-11T18:20
52,2011-08-12T09:21,2011-08-12T19:32
53,2011-08-15T07:44,2011-08-15T20:00
54,2011-08-16T06:37,2011-08-16T20:01
55,2011-08-17T08:41,2011-08-17T19:45
56,2011-08-18T12:00,2011-08-18T20:12
57,2011-08-19T06:00,2011-08-19T19:02
58,2011-08-22T06:31,2011-08-22T18:43
59,2011-08-23T05:06,2011-08-23T20:24
60,2011-08-24T10:52,2011-08-24T16:43
61,2011-08-25T11:42,2011-08-25T19:06
62,2011-08-26T06:21,2011-08-26T18:09
63,2011-08-29T06:41,2011-08-29T19:33
64,2011-08-30T07:54,2011-08-30T19:43
65,2011-08-31T11:18,2011-08-31T17:51
66,2011-09-01T06:43,2011-09-01T19:55
67,2011-09-02T11:43,2011-09-02T20:19
68,2011-09-05T12:32,2011-09-05T19:30
69,2011-09-06T10:58,2011-09-06T20:05
70,2011-09-07T06:18,2011-09-07T17:36
71,2011-09-08T11:38,2011-09-08T17:11
72,2011-09-09T05:07,2011-09-09T17:43
73,2011-09-12T06:13,2011-09-12T16:54
74,2011-09-13T06:22,2011-09-13T19:56
75,2011-09-14T11:08,2011-09-14T18:27
76,2011-09-15T10:38,2011-09-15T18:50
77,2011-09-16T06:05,2011-09-16T16:58
78,2011-09-19T05:08,2011-09-19T20:03
79,2011-09-20T06:02,2011-09-20T19:36
80,2011-09-21T06:31,2011-09-21T16:02
81,2011-09-22T08:43,2011-09-22T19:10
82,2011-09-23T06:12,2011-09-23T19:50
83,2011-09-26T08:50,2011-09-26T17:41
84,2011-09-27T07:09,2011-09-27T18:21
85,2011-09-28T06:45,2011-09-28T20:26
86,2011-09-29T08:21,2011-09-29T20:45
87,2011-09-30T05:28,2011-09-30T20:32
88,2011-10-03T07:40,2011-10-03T19:31
89,2011-10-04T11:32,2011-10-04T20:36
90,2011-10-05T12:22,2011-10-05T19:54
91,2011-10-06T06:06,2011-10-06T16:21
92,2011-10-07T05:29,2011-10-07T17:35
93,2011-10-10T06:25,2011-10-10T17:02
94,2011-10-11T09:41,2011-10-11T20:26
95,2011-10-12T12:16,2011-10-12T19:07
96,2011-10-13T12:49,2011-10-13T16:23
97,2011-10-14T10:10,2011-10-14T17:47
98,2011-10-17T09:28,2011-10-17T18:03
99,2011-10-18T05:34,2011-10-18T16:52
100,2011-10-19T09:32,2011-10-19T17:03
101,2011-10-20T08:00,2011-10-20T17:08
102,2011-10-21T12:16,2011-10-21T18:04
103,2011-10-24T10:30,2011-10-24T17:05
104,2011-10-25T09:09,2011-10-25T19:23
105,2011-10-26T09:16,2011-10-26T16:41
106,2011-10-27T06:30,2011-10-27T20:17
107,2011-10-28T05:56,2011-10-28T16:49
108,2011-10-31T06:09,2011-10-31T17:10
109,2011-11-01T09:00,2011-11-01T17:15
110,2011-11-02T08:13,2011-11-02T19:17
111,2011-11-03T09:02,2011-11-03T18:39
112,2011-11-04T06:09,2011-11-04T17:30
113,2011-11-07T12:40,2011-11-07T17:19
114,2011-11-08T05:20,2011-11-08T17:25
115,2011-11-09T06:18,2011-11-09T20:42
116,2011-11-10T10:46,2011-11-10T16:41
117,2011-11-11T08:56,2011-11-11T16:40
118,2011-11-14T11:23,2011-11-14T18:56
119,2011-11-15T06:29,2011-11-15T19:48
120,2011-11-16T08:39,2011-11-16T18:08
121,2011-11-17T06:45,2011-11-17T16:47
122,2011-11-18T10:52,2011-11-18T20:12
123,2011-11-21T11:53,2011-11-21T19:42
124,2011-11-22T08:16,2011-11-22T17:50
125,2011-11-23T12:51,2011-11-23T20:33
126,2011-11-24T05:58,2011-11-24T18:08
127,2011-11-25T05:27,2011-11-25T16:52
128,2011-11-28T10:03,2011-11-28T20:47
129,2011-11-29T11:39,2011-11-29T19:19
130,2011-11-30T12:04,2011-11-30T19:58
131,2011-12-01T09:59,2011-12-01T19:21
132,2011-12-02T09:19,2011-12-02T16:37
133,2011-12-05T05:25,2011-12-05T17:04
134,2011-12-06T06:11,2011-12-06T19:35
135,2011-12-07T06:14,2011-12-07T16:19
136,2011-12-08T06:43,2011-12-08T16:15
137,2011-12-09T08:27,2011-12-09T16:35
138,2011-12-12T11:56,2011-12-12T20:30
139,2011-12-13T12:52,2011-12-13T20:22
140,2011-12-14T10:43,2011-12-14T20:37
141,2011-12-15T12:42,2011-12-15T20:02
142,2011-12-16T06:17,2011-12-16T20:30
143,2011-12-19T07:58,2011-12-19T17:51
144,2011-12-20T10:03,2011-12-20T18:48
145,2011-12-21T10:35,2011-12-21T20:56
146,2011-12-22T11:34,2011-12-22T18:25
147,2011-12-23T09:50,2011-12-23T20:22
148,2011-12-26T11:11,2011-12-26T16:32
149,2011-12-27T10:50,2011-12-27T17:43
150,2011-12-28T05:41,2011-12-28T16:00
151,2011-12-29T06:54,2011-12-29T20:10
152,2011-12-30T09:17,2011-12-30T19:35
153,2012-01-02T08:07,2012-01-02T20:17
154,2012-01-03T05:47,2012-01-03T17:44
155,2012-01-04T11:01,2012-01-04T18:06
156,2012-01-05T10:32,2012-01-05T18:51
157,2012-01-06T12:31,2012-01-06T16:12
158,2012-01-09T08:21,2012-01-09T18:18
159,2012-01-10T10:03,2012-01-10T19:53
160,2012-01-11T12:23,2012-01-11T20:47
161,2012-01-12T06:42,2012-01-12T20:07
162,2012-01-13T08:46,2012-01-13T16:01
163,2012-01-16T05:19,2012-01-16T20:50
164,2012-01-17T07:46,2012-01-17T16:49
165,2012-01-18T10:28,2012-01-18T19:07
166,2012-01-19T06:20,2012-01-19T18:40
167,2012-01-20T12:02,2012-01-20T19:12
168,2012-01-23T07:43,2012-01-23T20:24
169,2012-01-24T10:54,2012-01-24T16:53
170,2012-01-25T10:46,2012-01-25T20:04
171,2012-01-26T10:51,2012-01-26T18:18
172,2012-01-27T11:33,2012-01-27T16:23
173,2012-01-30T05:33,2012-01-30T18:11
174,2012-01-31T10:19,2012-01-31T18:15
175,2012-02-01T05:37,2012-02-01T16:36
176,2012-02-02T09:00,2012-02-02T18:59
177,2012-02-03T11:53,2012-02-03T20:36
178,2012-02-06T05:02,2012-02-06T20:48
179,2012-02-07T06:08,2012-02-07T17:03
180,2012-02-08T10:49,2012-02-08T16:49
181,2012-02-09T05:55,2012-02-09T16:51
182,2012-02-10T09:07,2012-02-10T16:05
183,2012-02-13T06:29,2012-02-13T18:38
184,2012-02-14T06:29,2012-02-14T20:29
185,2012-02-15T05:30,2012-02-15T19:26
186,2012-02-16T09:57,2012-02-16T17:51
187,2012-02-17T06:28,2012-02-17T20:57
188,2012-02-20T06:22,2012-02-20T16:16
189,2012-02-21T07:34,2012-02-21T19:22
190,2012-02-22T08:56,2012-02-22T20:08
191,2012-02-23T10:03,2012-02-23T19:54
192,2012-02-24T12:48,2012-02-24T19:58
193,2012-02-27T11:50,2012-02-27T18:05
194,2012-02-28T06:38,2012-02-28T20:18
195,2012-02-29T12:11,2012-02-29T19:53
196,2012-03-01T07:55,2012-03-01T20:01
197,2012-03-02T12:56,2012-03-02T17:13
198,2012-03-05T08:23,2012-03-05T19:58
199,2012-03-06T06:46,2012-03-06T18:13
200,2012-03-07T11:15,2012-03-07T19:30
201,2012-03-08T09:14,2012-03-08T20:09
202,2012-03-09T11:30,2012-03-09T18:29
203,2012-03-12T08:40,2012-03-12T16:27
204,2012-03-13T12:38,2012-03-13T16:41
205,2012-03-14T09:13,2012-03-14T20:31
206,2012-03-15T10:40,2012-03-15T19:48
207,2012-03-16T07:25,2012-03-16T17:08
208,2012-03-19T07:24,2012-03-19T17:21
209,2012-03-20T06:47,2012-03-20T18:33
210,2012-03-21T11:37,2012-03-21T17:27
211,2012-03-22T06:35,2012-03-22T20:28
212,2012-03-23T09:08,2012-03-23T18:20
213,2012-03-26T12:27,2012-03-26T17:25
214,2012-03-27T08:51,2012-03-27T20:41
215,2012-03-28T07:11,2012-03-28T20:20
216,2012-03-29T09:18,2012-03-29T16:46
217,2012-03-30T05:50,2012-03-30T16:51
218,2012-04-02T08:19,2012-04-02T18:59
219,2012-04-03T06:44,2012-04-03T20:30
220,2012-04-04T12:35,2012-04-04T20:56
221,2012-04-05T11:50,2012-04-05T20:07
222,2012-04-06T06:28,2012-04-06T16:03
223,2012-04-09T09:48,2012-04-09T16:56
224,2012-04-10T06:53,2012-04-10T17:41
225,2012-04-11T06:10,2012-04-11T20:43
226,2012-04-12T08:46,2012-04-12T19:07
227,2012-04-13T08:32,2012-04-13T16:11
228,2012-04-16T11:22,2012-04-16T20:10
229,2012-04-17T07:33,2012-04-17T17:01
230,2012-04-18T05:28,2012-04-18T16:18
231,2012-04-19T09:19,2012-04-19T18:35
232,2012-04-20T07:03,2012-04-20T17:36
233,2012-04-23T06:25,2012-04-23T17:45
234,2012-04-24T09:21,2012-04-24T20:59
235,2012-04-25T10:08,2012-04-25T19:50
236,2012-04-26T09:31,2012-04-26T17:13
237,2012-04-27T09:54,2012-04-27T18:30
238,2012-04-30T12:38,2012-04-30T20:47
239,2012-05-01T12:39,2012-05-01T19:20
240,2012-05-02T12:54,2012-05-02T17:07
241,2012-05-03T06:33,2012-05-03T20:25
242,2012-05-04T11:29,2012-05-04T20:31
243,2012-05-07T07:04,2012-05-07T17:54
244,2012-05-08T06:42,2012-05-08T20:22
245,2012-05-09T05:34,2012-05-09T18:51
246,2012-05-10T11:57,2012-05-10T18:44
247,2012-05-11T06:50,2012-05-11T19:58
248,2012-05-14T05:44,2012-05-14T20:11
249,2012-05-15T08:42,2012-05-15T19:34
250,2012-05-16T10:08,2012-05-16T20:02
251,2012-05-17T12:58,2012-05-17T20:23
252,2012-05-18T10:59,2012-05-18T19:06
253,2012-05-21T09:59,2012-05-21T19:26
254,2012-05-22T07:48,2012-05-22T16:01
255,2012-05-23T11:16,2012-05-23T20:41
256,2012-05-24T12:04,2012-05-24T17:43
257,2012-05-25T08:19,2012-05-25T17:21
258,2012-05-28T08:00,2012-05-28T18:08
259,2012-05-29T06:11,2012-05-29T17:31
260,2012-05-30T06:24,2012-05-30T17:10
261,2012-05-31T05:43,2012-05-31T18:04
262,2012-06-01T05:58,2012-06-01T19:11
263,2012-06-04T11:59,2012-06-04T20:15
264,2012-06-05T06:54,2012-06-05T20:14
265,2012-06-06T10:24,2012-06-06T19:28
266,2012-06-07T08:43,2012-06-07T17:53
267,2012-06-08T07:12,2012-06-08T20:06
268,2012-06-11T05:31,2012-06-11T17:54
269,2012-06-12T10:08,2012-06-12T18:51
270,2012-06-13T05:13,2012-06-13T20:51
271,2012-06-14T10:30,2012-06-14T19:42
272,2012-06-15T05:31,2012-06-15T18:12
273,2012-06-18T06:58,2012-06-18T18:28
274,2012-06-19T06:51,2012-06-19T17:29
275,2012-06-20T11:17,2012-06-20T17:55
276,2012-06-21T10:14,2012-06-21T19:25
277,2012-06-22T07:15,2012-06-22T18:52
278,2012-06-25T09:39,2012-06-25T19:22
279,2012-06-26T05:04,2012-06-26T19:31
280,2012-06-27T07:56,2012-06-27T17:50
281,2012-06-28T05:43,2012-06-28T16:10
282,2012-06-29T06:13,2012-06-29T19:57
283,2012-07-02T07:57,2012-07-02T16:45
284,2012-07-03T10:29,2012-07-03T16:53
285,2012-07-04T09:33,2012-07-04T17:07
286,2012-07-05T08:34,2012-07-05T19:29
287,2012-07-06T08:16,2012-07-06T20:59
288,2012-07-09T09:40,2012-07-09T16:05
289,2012-07-10T09:00,2012-07-10T19:19
290,2012-07-11T05:17,2012-07-11T16:06
291,2012-07-12T10:12,2012-07-12T16:37
292,2012-07-13T10:17,2012-07-13T17:28
293,2012-07-16T06:21,2012-07-16T17:22
294,2012-07-17T12:06,2012-07-17T18:44
295,2012-07-18T10:54,2012-07-18T16:20
296,2012-07-19T09:55,2012-07-19T19:35
297,2012-07-20T05:07,2012-07-20T19:56
298,2012-07-23T11:33,2012-07-23T17:57
299,2012-07-24T07:21,2012-07-24T19:21
300,2012-07-25T08:17,2012-07-25T19:03
301,2012-07-26T08:42,2012-07-26T19:14
302,2012-07-27T07:27,2012-07-27T19:17
303,2012-07-30T10:22,2012-07-30T16:09
304,2012-07-31T12:24,2012-07-31T18:06
305,2012-08-01T11:27,2012-08-01T19:15
306,2012-08-02T11:48,2012-08-02T16:18
307,2012-08-03T07:05,2012-08-03T18:34
308,2012-08-06T06:06,2012-08-06T17:51
309,2012-08-07T10:36,2012-08-07T20:17
310,2012-08-08T10:50,2012-08-08T20:56
311,2012-08-09T10:43,2012-08-09T19:25
312,2012-08-10T12:04,2012-08-10T19:23
313,2012-08-13T10:12,2012-08-13T20:45
314,2012-08-14T07:02,2012-08-14T20:46
315,2012-08-15T09:32,2012-08-15T19:23
316,2012-08-16T05:44,2012-08-16T17:03
317,2012-08-17T07:11,2012-08-17T19:51
318,2012-08-20T06:48,2012-08-20T16:49
319,2012-08-21T05:49,2012-08-21T18:34
320,2012-08-22T06:29,2012-08-22T16:37
321,2012-08-23T07:55,2012-08-23T17:08
322,2012-08-24T09:14,2012-08-24T17:31
323,2012-08-27T07:10,2012-08-27T20:52
324,2012-08-28T11:10,2012-08-28T17:12
325,2012-08-29T08:58,2012-08-29T20:58
326,2012-08-30T06:44,2012-08-30T20:45
327,2012-08-31T11:57,2012-08-31T20:36
328,2012-09-03T08:12,2012-09-03T19:11
329,2012-09-04T08:31,2012-09-04T16:38
330,2012-09-05T12:23,2012-09-05T18:30
331,2012-09-06T07:00,2012-09-06T19:08
332,2012-09-07T11:37,2012-09-07T18:02
333,2012-09-10T10:52,2012-09-10T17:17
334,2012-09-11T07:03,2012-09-11T17:29
335,2012-09-12T06:42,2012-09-12T17:30
336,2012-09-13T08:01,2012-09-13T20:15
337,2012-09-14T08:52,2012-09-14T17:22
338,2012-09-17T12:15,2012-09-17T17:19
339,2012-09-18T10:22,2012-09-18T19:15
340,2012-09-19T12:37,2012-09-19T17:19
341,2012-09-20T06:42,2012-09-20T17:31
342,2012-09-21T09:18,2012-09-21T20:09
343,2012-09-24T12:14,2012-09-24T19:57
344,2012-09-25T05:12,2012-09-25T17:25
345,2012-09-26T12:32,2012-09-26T18:58
346,2012-09-27T06:41,2012-09-27T16:24
347,2012-09-28T10:32,2012-09-28T17:50
348,2012-10-01T10:10,2012-10-01T17:32
349,2012-10-02T05:46,2012-10-02T17:24
350,2012-10-03T11:28,2012-10-03T17:08
351,2012-10-04T08:00,2012-10-04T20:02
352,2012-10-05T05:20,2012-10-05T18:46
353,2012-10-08T09:37,2012-10-08T18:01
354,2012-10-09T05:37,2012-10-09T20:19
355,2012-10-10T12:53,2012-10-10T17:14
356,2012-10-11T11:10,2012-10-11T19:58
357,2012-10-12T11:58,2012-10-12T16:16
358,2012-10-15T12:27,2012-10-15T17:51
359,2012-10-16T09:15,2012-10-16T19:08
360,2012-10-17T05:29,2012-10-17T17:11
361,2012-10-18T11:14,2012-10-18T17:25
362,2012-10-19T05:51,2012-10-19T18:32
363,2012-10-22T06:12,2012-10-22T17:37
364,2012-10-23T09:36,2012-10-23T19:47
365,2012-10-24T11:08,2012-10-24T19:36
366,2012-10-25T07:39,2012-10-25T20:32
367,2012-10-26T07:34,2012-10-26T17:31
368,2012-10-29T07:03,2012-10-29T18:38
369,2012-10-30T11:07,2012-10-30T16:11
370,2012-10-31T09:32,2012-10-31T16:42
371,2012-11-01T11:30,2012-11-01T16:36
372,2012-11-02T09:16,2012-11-02T16:52
373,2012-11-05T10:17,2012-11-05T16:27
374,2012-11-06T09:28,2012-11-06T20:17
375,2012-11-07T05:26,2012-11-07T18:23
376,2012-11-08T10:10,2012-11-08T19:11
377,2012-11-09T08:07,2012-11-09T20:54
378,2012-11-12T12:15,2012-11-12T16:51
379,2012-11-13T11:08,2012-11-13T17:51
380,2012-11-14T05:46,2012-11-14T20:51
381,2012-11-15T10:21,2012-11-15T17:49
382,2012-11-16T11:59,2012-11-16T19:27
383,2012-11-19T05:54,2012-11-19T20:55
384,2012-11-20T12:09,2012-11-20T20:10
385,2012-11-21T05:43,2012-11-21T20:13
386,2012-11-22T09:12,2012-11-22T18:03
387,2012-11-23T08:27,2012-11-23T16:56
388,2012-11-26T10:47,2012-11-26T18:20
389,2012-11-27T11:40,2012-11-27T20:20
390,2012-11-28T07:46,2012-11-28T17:53
391,2012-11-29T07:59,2012-11-29T18:00
392,2012-11-30T06:51,2012-11-30T19:38
393,2012-12-03T09:10,2012-12-03T17:27
394,2012-12-04T06:15,2012-12-04T19:36
395,2012-12-05T11:38,2012-12-05T16:16
396,2012-12-06T08:11,2012-12-06T18:42
397,2012-12-07T07:58,2012-12-07T16:32
398,2012-12-10T09:56,2012-12-10T16:00
399,2012-12-11T12:00,2012-12-11T19:46
400,2012-12-12T09:57,2012-12-12T18:16
401,2012-12-13T11:56,2012-12-13T18:57
402,2012-12-14T05:44,2012-12-14T18:20
403,2012-12-17T08:11,2012-12-17T17:29
404,2012-12-18T10:04,2012-12-18T18:09
405,2012-12-19T11:48,2012-12-19T18:34
406,2012-12-20T12:42,2012-12-20T16:32
407,2012-12-21T11:50,2012-12-21T18:31
408,2012-12-24T11:22,2012-12-24T19:49
409,2012-12-25T07:59,2012-12-25T20:00
410,2012-12-26T05:18,2012-12-26T20:19
411,2012-12-27T10:33,2012-12-27T17:24
412,2012-12-28T07:18,2012-12-28T20:06
413,2012-12-31T10:30,2012-12-31T17:48
414,2013-01-01T08:16,2013-01-01T17:27
415,2013-01-02T05:53,2013-01-02T17:06
416,2013-01-03T07:07,2013-01-03T19:40
417,2013-01-04T07:42,2013-01-04T16:09
418,2013-01-07T07:17,2013-01-07T16:06
419,2013-01-08T09:19,2013-01-08T18:51
420,2013-01-09T12:55,2013-01-09T20:57
421,2013-01-10T10:47,2013-01-10T16:22
422,2013-01-11T07:12,2013-01-11T19:29
423,2013-01-14T05:39,2013-01-14T17:28
424,2013-01-15T12:46,2013-01-15T19:03
425,2013-01-16T10:04,2013-01-16T20:38
426,2013-01-17T05:18,2013-01-17T19:46
427,2013-01-18T12:11,2013-01-18T16:38
428,2013-01-21T08:06,2013-01-21T19:43
429,2013-01-22T10:57,2013-01-22T17:41
430,2013-01-23T07:47,2013-01-23T19:29
431,2013-01-24T06:09,2013-01-24T18:58
432,2013-01-25T12:41,2013-01-25T18:26
433,2013-01-28T11:24,2013-01-28T19:31
434,2013-01-29T09:08,2013-01-29T18:30
435,2013-01-30T12:25,2013-01-30T17:38
436,2013-01-31T12:05,2013-01-31T16:30
437,2013-02-01T08:27,2013-02-01T16:43
438,2013-02-04T08:39,2013-02-04T18:17
439,2013-02-05T11:09,2013-02-05T17:02
440,2013-02-06T06:31,2013-02-06T17:41
441,2013-02-07T05:24,2013-02-07T17:51
442,2013-02-08T08:54,2013-02-08T17:02
443,2013-02-11T05:43,2013-02-11T18:04
444,2013-02-12T05:46,2013-02-12T20:25
445,2013-02-13T05:35,2013-02-13T19:23
446,2013-02-14T12:16,2013-02-14T17:50
447,2013-02-15T07:48,2013-02-15T18:29
448,2013-02-18T09:18,2013-02-18T18:50
449,2013-02-19T07:08,2013-02-19T17:25
450,2013-02-20T09:50,2013-02-20T20:57
451,2013-02-21T06:04,2013-02-21T17:38
452,2013-02-22T10:52,2013-02-22T16:48
453,2013-02-25T08:05,2013-02-25T18:03
454,2013-02-26T08:25,2013-02-26T17:49
455,2013-02-27T05:12,2013-02-27T16:05
456,2013-02-28T09:03,2013-02-28T19:17
457,2013-03-01T07:50,2013-03-01T18:13
458,2013-03-04T07:11,2013-03-04T17:41
459,2013-03-05T10:23,2013-03-05T18:32
460,2013-03-06T09:12,2013-03-06T19:15
461,2013-03-07T10:03,2013-03-07T19:49
462,2013-03-08T06:11,2013-03-08T19:43
463,2013-03-11T08:46,2013-03-11T18:29
464,2013-03-12T08:23,2013-03-12T18:24
465,2013-03-13T06:04,2013-03-13T18:38
466,2013-03-14T09:15,2013-03-14T16:00
467,2013-03-15T06:01,2013-03-15T19:28
468,2013-03-18T09:38,2013-03-18T18:47
469,2013-03-19T06:24,2013-03-19T16:42
470,2013-03-20T11:20,2013-03-20T18:18
471,2013-03-21T07:00,2013-03-21T18:08
472,2013-03-22T05:03,2013-03-22T16:06
473,2013-03-25T09:36,2013-03-25T19:12
474,2013-03-26T06:27,2013-03-26T17:58
475,2013-03-27T07:00,2013-03-27T16:09
476,2013-03-28T08:17,2013-03-28T20:04
477,2013-03-29T07:01,2013-03-29T17:13
478,2013-04-01T11:40,2013-04-01T17:55
479,2013-04-02T07:26,2013-04-02T16:55
480,2013-04-03T09:35,2013-04-03T17:56
481,2013-04-04T12:55,2013-04-04T19:02
482,2013-04-05T06:49,2013-04-05T18:12
483,2013-04-08T05:30,2013-04-08T18:16
484,2013-04-09T06:58,2013-04-09T16:59
485,2013-04-10T11:43,2013-04-10T20:11
486,2013-04-11T08:43,2013-04-11T17:07
487,2013-04-12T10:22,2013-04-12T16:02
488,2013-04-15T05:58,2013-04-15T19:35
489,2013-04-16T12:06,2013-04-16T18:09
490,2013-04-17T07:32,2013-04-17T17:46
491,2013-04-18T11:43,2013-04-18T16:44
492,2013-04-19T08:30,2013-04-19T20:35
493,2013-04-22T05:59,2013-04-22T19:49
494,2013-04-23T08:39,2013-04-23T19:48
495,2013-04-24T06:42,2013-04-24T19:36
496,2013-04-25T06:32,2013-04-25T17:26
497,2013-04-26T06:09,2013-04-26T19:43
498,2013-04-29T09:56,2013-04-29T19:15
499,2013-04-30T11:19,2013-04-30T16:37
500,2013-05-01T12:53,2013-05-01T18:35
501,2013-05-02T08:16,2013-05-02T18:42
502,2013-05-03T12:25,2013-05-03T16:41
503,2013-05-06T08:12,2013-05-06T16:03
504,2013-05-07T07:36,2013-05-07T17:59
505,2013-05-08T10:12,2013-05-08T20:13
506,2013-05-09T08:16,2013-05-09T18:10
507,2013-05-10T08:30,2013-05-10T16:15
508,2013-05-13T06:05,2013-05-13T20:10
509,2013-05-14T11:19,2013-05-14T16:09
510,2013-05-15T06:37,2013-05-15T20:18
511,2013-05-16T05:45,2013-05-16T19:31
512,2013-05-17T08:09,2013-05-17T17:55
513,2013-05-20T09:03,2013-05-20T19:22
514,2013-05-21T08:32,2013-05-21T20:47
515,2013-05-22T11:16,2013-05-22T17:08
516,2013-05-23T06:00,2013-05-23T20:34
517,2013-05-24T08:13,2013-05-24T16:26
518,2013-05-27T11:07,2013-05-27T16:33
519,2013-05-28T09:44,2013-05-28T18:00
520,2013-05-29T09:25,2013-05-29T20:37
521,2013-05-30T12:10,2013-05-30T19:12
522,2013-05-31T07:15,2013-05-31T19:14
523,2013-06-03T09:49,2013-06-03T19:52
524,2013-06-04T11:39,2013-06-04T18:13
525,2013-06-05T10:35,2013-06-05T17:35
526,2013-06-06T11:53,2013-06-06T16:26
527,2013-06-07T06:21,2013-06-07T17:27
528,2013-06-10T12:11,2013-06-10T16:17
529,2013-06-11T09:58,2013-06-11T16:27
530,2013-06-12T07:18,2013-06-12T20:35
531,2013-06-13T05:11,2013-06-13T16:17
532,2013-06-14T07:02,2013-06-14T20:07
533,2013-06-17T06:26,2013-06-17T17:45
534,2013-06-18T06:10,2013-06-18T20:28
535,2013-06-19T09:17,2013-06-19T18:27
536,2013-06-20T10:01,2013-06-20T17:13
537,2013-06-21T12:25,2013-06-21T19:02
538,2013-06-24T09:57,2013-06-24T17:40
539,2013-06-25T11:17,2013-06-25T17:13
540,2013-06-26T05:11,2013-06-26T18:19
541,2013-06-27T10:05,2013-06-27T16:44
542,2013-06-28T09:07,2013-06-28T19:04
543,2013-07-01T05:35,2013-07-01T18:48
544,2013-07-02T05:06,2013-07-02T19:57
545,2013-07-03T07:34,2013-07-03T20:51
546,2013-07-04T08:17,2013-07-04T18:18
547,2013-07-05T09:47,2013-07-05T16:05
548,2013-07-08T12:23,2013-07-08T20:48
549,2013-07-09T09:05,2013-07-09T19:32
550,2013-07-10T07:42,2013-07-10T20:04
551,2013-07-11T09:17,2013-07-11T19:33
552,2013-07-12T07:46,2013-07-12T18:28
553,2013-07-15T06:37,2013-07-15T20:39
554,2013-07-16T11:10,2013-07-16T16:01
555,2013-07-17T10:56,2013-07-17T17:11
556,2013-07-18T07:20,2013-07-18T18:16
557,2013-07-19T05:55,2013-07-19T16:02
558,2013-07-22T07:06,2013-07-22T19:48
559,2013-07-23T05:27,2013-07-23T20:51
560,2013-07-24T12:10,2013-07-24T16:03
561,2013-07-25T09:29,2013-07-25T17:56
562,2013-07-26T08:21,2013-07-26T16:11
563,2013-07-29T12:01,2013-07-29T19:43
564,2013-07-30T08:32,2013-07-30T16:35
565,2013-07-31T07:10,2013-07-31T17:14
566,2013-08-01T06:58,2013-08-01T19:21
567,2013-08-02T05:40,2013-08-02T18:31
568,2013-08-05T07:19,2013-08-05T19:08
569,2013-08-06T07:49,2013-08-06T19:15
570,2013-08-07T11:53,2013-08-07T16:27
571,2013-08-08T12:40,2013-08-08T17:57
572,2013-08-09T11:59,2013-08-09T18:10
573,2013-08-12T07:00,2013-08-12T20:56
574,2013-08-13T08:44,2013-08-13T20:34
575,2013-08-14T06:11,2013-08-14T16:01
576,2013-08-15T08:47,2013-08-15T18:01
577,2013-08-16T11:46,2013-08-16T19:46
578,2013-08-19T10:50,2013-08-19T16:06
579,2013-08-20T08:32,2013-08-20T16:32
580,2013-08-21T10:10,2013-08-21T16:08
581,2013-08-22T12:41,2013-08-22T20:15
582,2013-08-23T10:59,2013-08-23T17:47
583,2013-08-26T11:06,2013-08-26T17:45
584,2013-08-27T07:44,2013-08-27T19:55
585,2013-08-28T07:05,2013-08-28T16:22
586,2013-08-29T08:21,2013-08-29T19:57
587,2013-08-30T08:14,2013-08-30T18:10
588,2013-09-02T07:19,2013-09-02T20:10
589,2013-09-03T11:37,2013-09-03T16:56
590,2013-09-04T06:22,2013-09-04T16:51
591,2013-09-05T09:48,2013-09-05T17:30
592,2013-09-06T07:42,2013-09-06T17:45
593,2013-09-09T05:30,2013-09-09T16:52
594,2013-09-10T06:21,2013-09-10T17:27
595,2013-09-11T11:15,2013-09-11T20:34
596,2013-09-12T05:54,2013-09-12T19:24
597,2013-09-13T06:26,2013-09-13T20:13
598,2013-09-16T08:56,2013-09-16T20:08
599,2013-09-17T09:54,2013-09-17T19:29
600,2013-09-18T12:57,2013-09-18T16:50
601,2013-09-19T08:20,2013-09-19T18:16
602,2013-09-20T11:39,2013-09-20T16:51
603,2013-09-23T11:25,2013-09-23T19:02
604,2013-09-24T11:27,2013-09-24T18:04
605,2013-09-25T07:51,2013-09-25T20:29
606,2013-09-26T05:42,2013-09-26T20:42
607,2013-09-27T09:14,2013-09-27T16:02
608,2013-09-30T07:39,2013-09-30T16:33
609,2013-10-01T12:59,2013-10-01T18:51
610,2013-10-02T05:58,2013-10-02T20:41
611,2013-10-03T06:01,2013-10-03T16:07
612,2013-10-04T11:15,2013-10-04T19:17
613,2013-10-07T05:27,2013-10-07T17:05
614,2013-10-08T08:40,2013-10-08T16:11
615,2013-10-09T09:55,2013-10-09T18:15
616,2013-10-10T10:38,2013-10-10T16:32
617,2013-10-11T12:56,2013-10-11T19:49
618,2013-10-14T05:31,2013-10-14T18:38
619,2013-10-15T09:23,2013-10-15T19:50
620,2013-10-16T12:47,2013-10-16T18:12
621,2013-10-17T06:50,2013-10-17T19:10
622,2013-10-18T12:57,2013-10-18T19:27
623,2013-10-21T09:08,2013-10-21T19:52
624,2013-10-22T08:23,2013-10-22T19:52
625,2013-10-23T09:31,2013-10-23T19:12
626,2013-10-24T11:22,2013-10-24T18:19
627,2013-10-25T08:02,2013-10-25T20:19
628,2013-10-28T09:37,2013-10-28T18:35
629,2013-10-29T06:03,2013-10-29T20:30
630,2013-10-30T06:37,2013-10-30T19:09
631,2013-10-31T12:28,2013-10-31T17:46
632,2013-11-01T07:21,2013-11-01T18:24
633,2013-11-04T11:45,2013-11-04T16:44
634,2013-11-05T05:19,2013-11-05T16:15
635,2013-11-06T09:39,2013-11-06T18:50
636,2013-11-07T07:42,2013-11-07T18:51
637,2013-11-08T07:24,2013-11-08T16:57
638,2013-11-11T10:28,2013-11-11T20:37
639,2013-11-12T11:17,2013-11-12T17:57
640,2013-11-13T12:47,2013-11-13T19:16
641,2013-11-14T12:20,2013-11-14T19:47
642,2013-11-15T05:24,2013-11-15T20:55
643,2013-11-18T05:52,2013-11-18T18:32
644,2013-11-19T10:10,2013-11-19T20:44
645,2013-11-20T05:56,2013-11-20T17:30
646,2013-11-21T10:57,2013-11-21T17:16
647,2013-11-22T06:21,2013-11-22T20:22
648,2013-11-25T11:08,2013-11-25T19:45
649,2013-11-26T06:27,2013-11-26T18:31
650,2013-11-27T10:43,2013-11-27T16:40
651,2013-11-28T10:39,2013-11-28T16:06
652,2013-11-29T06:12,2013-11-29T16:41
653,2013-12-02T07:50,2013-12-02T17:38
654,2013-12-03T07:16,2013-12-03T18:54
655,2013-12-04T10:53,2013-12-04T20:36
656,2013-12-05T08:49,2013-12-05T19:01
657,2013-12-06T11:22,2013-12-06T20:51
658,2013-12-09T09:25,2013-12-09T16:10
659,2013-12-10T09:12,2013-12-10T20:40
660,2013-12-11T12:40,2013-12-11T17:40
661,2013-12-12T05:00,2013-12-12T18:52
662,2013-12-13T10:44,2013-12-13T19:24
663,2013-12-16T09:45,2013-12-16T17:20
664,2013-12-17T09:48,2013-12-17T18:15
665,2013-12-18T11:05,2013-12-18T17:28
666,2013-12-19T11:21,2013-12-19T16:14
667,2013-12-20T08:11,2013-12-20T17:03
668,2013-12-23T12:41,2013-12-23T18:45
669,2013-12-24T07:12,2013-12-24T18:13
670,2013-12-25T08:56,2013-12-25T17:37
671,2013-12-26T09:45,2013-12-26T19:52
672,2013-12-27T12:01,2013-12-27T16:22
673,2013-12-30T07:16,2013-12-30T20:15
674,2013-12-31T07:49,2013-12-31T18:37
675,2014-01-01T09:07,2014-01-01T20:48
676,2014-01-02T05:03,2014-01-02T20:52
677,2014-01-03T12:30,2014-01-03T20:37
678,2014-01-06T07:06,2014-01-06T18:34
679,2014-01-07T09:15,2014-01-07T20:59
680,2014-01-08T10:37,2014-01-08T18:49
681,2014-01-09T06:45,2014-01-09T19:02
682,2014-01-10T05:56,2014-01-10T18:13
683,2014-01-13T11:11,2014-01-13T18:31
684,2014-01-14T10:25,2014-01-14T19:32
685,2014-01-15T12:10,2014-01-15T17:45
686,2014-01-16T09:44,2014-01-16T16:28
687,2014-01-17T07:07,2014-01-17T20:17
688,2014-01-20T09:55,2014-01-20T19:40
689,2014-01-21T09:52,2014-01-21T18:21
690,2014-01-22T06:53,2014-01-22T18:59
691,2014-01-23T11:37,2014-01-23T18:20
692,2014-01-24T07:19,2014-01-24T19:28
693,2014-01-27T12:40,2014-01-27T20:42
694,2014-01-28T08:56,2014-01-28T17:50
695,2014-01-29T08:24,2014-01-29T19:21
696,2014-01-30T11:27,2014-01-30T20:32
697,2014-01-31T07:30,2014-01-31T20:22
698,2014-02-03T09:39,2014-02-03T19:20
699,2014-02-04T10:43,2014-02-04T20:59
700,2014-02-05T07:48,2014-02-05T19:09
701,2014-02-06T09:27,2014-02-06T18:02
702,2014-02-07T05:52,2014-02-07T18:41
703,2014-02-10T09:39,2014-02-10T20:11
704,2014-02-11T10:00,2014-02-11T19:36
705,2014-02-12T05:22,2014-02-12T20:38
706,2014-02-13T12:04,2014-02-13T18:15
707,2014-02-14T11:58,2014-02-14T20:54
708,2014-02-17T06:58,2014-02-17T17:35
709,2014-02-18T08:42,2014-02-18T17:47
710,2014-02-19T09:56,2014-02-19T16:54
711,2014-02-20T05:47,2014-02-20T20:13
712,2014-02-21T07:07,2014-02-21T17:33
713,2014-02-24T08:42,2014-02-24T19:00
714,2014-02-25T10:14,2014-02-25T16:46
715,2014-02-26T08:44,2014-02-26T16:34
716,2014-02-27T07:57,2014-02-27T19:57
717,2014-02-28T08:31,2014-02-28T18:39
718,2014-03-03T11:42,2014-03-03T20:41
719,2014-03-04T11:46,2014-03-04T18:01
720,2014-03-05T06:51,2014-03-05T19:02
721,2014-03-06T07:56,2014-03-06T16:21
722,2014-03-07T07:19,2014-03-07T16:06
723,2014-03-10T06:10,2014-03-10T16:58
724,2014-03-11T06:11,2014-03-11T20:51
725,2014-03-12T07:08,2014-03-12T16:01
726,2014-03-13T07:43,2014-03-13T17:07
727,2014-03-14T07:34,2014-03-14T19:04
728,2014-03-17T07:26,2014-03-17T17:54
729,2014-03-18T10:42,2014-03-18T17:30
730,2014-03-19T07:31,2014-03-19T18:09
731,2014-03-20T08:22,2014-03-20T17:48
732,2014-03-21T10:38,2014-03-21T19:08
733,2014-03-24T05:13,2014-03-24T19:23
734,2014-03-25T05:57,2014-03-25T17:08
735,2014-03-26T07:17,2014-03-26T16:05
736,2014-03-27T10:04,2014-03-27T18:42
737,2014-03-28T05:20,2014-03-28T18:46
738,2014-03-31T11:37,2014-03-31T18:59
739,2014-04-01T09:26,2014-04-01T18:08
740,2014-04-02T07:58,2014-04-02T20:16
741,2014-04-03T08:52,2014-04-03T16:32
742,2014-04-04T10:57,2014-04-04T20:49
743,2014-04-07T09:07,2014-04-07T16:59
744,2014-04-08T11:45,2014-04-08T16:46
745,2014-04-09T08:00,2014-04-09T16:44
746,2014-04-10T05:25,2014-04-10T18:27
747,2014-04-11T06:24,2014-04-11T20:38
748,2014-04-14T10:59,2014-04-14T17:29
749,2014-04-15T07:42,2014-04-15T19:29
750,2014-04-16T08:14,2014-04-16T20:52
751,2014-04-17T09:19,2014-04-17T19:29
752,2014-04-18T12:21,2014-04-18T16:15
753,2014-04-21T09:15,2014-04-21T16:27
754,2014-04-22T05:59,2014-04-22T18:30
755,2014-04-23T11:00,2014-04-23T16:40
756,2014-04-24T07:13,2014-04-24T20:18
757,2014-04-25T05:00,2014-04-25T16:35
758,2014-04-28T07:33,2014-04-28T19:47
759,2014-04-29T08:57,2014-04-29T20:55
760,2014-04-30T11:16,2014-04-30T19:37
761,2014-05-01T07:59,2014-05-01T16:43
762,2014-05-02T10:07,2014-05-02T16:13
763,2014-05-05T06:23,2014-05-05T19:23
764,2014-05-06T09:56,2014-05-06T19:30
765,2014-05-07T05:20,2014-05-07T17:29
766,2014-05-08T05:36,2014-05-08T18:08
767,2014-05-09T07:37,2014-05-09T18:25
768,2014-05-12T10:37,2014-05-12T17:26
769,2014-05-13T11:56,2014-05-13T18:44
770,2014-05-14T07:37,2014-05-14T19:38
771,2014-05-15T10:00,2014-05-15T16:49
772,2014-05-16T10:59,2014-05-16T18:57
773,2014-05-19T09:05,2014-05-19T19:04
774,2014-05-20T06:53,2014-05-20T19:55
775,2014-05-21T12:24,2014-05-21T17:27
776,2014-05-22T08:45,2014-05-22T17:48
777,2014-05-23T11:18,2014-05-23T18:27
778,2014-05-26T05:41,2014-05-26T20:18
779,2014-05-27T11:30,2014-05-27T18:44
780,2014-05-28T10:34,2014-05-28T17:33
781,2014-05-29T11:24,2014-05-29T16:37
782,2014-05-30T09:56,2014-05-30T18:36
783,2014-06-02T09:05,2014-06-02T17:24
784,2014-06-03T06:59,2014-06-03T20:19
785,2014-06-04T05:07,2014-06-04T17:53
786,2014-06-05T11:32,2014-06-05T20:37
787,2014-06-06T12:55,2014-06-06T17:23
788,2014-06-09T10:56,2014-06-09T16:16
789,2014-06-10T06:55,2014-06-10T18:29
790,2014-06-11T10:24,2014-06-11T16:50
791,2014-06-12T10:17,2014-06-12T19:30
792,2014-06-13T10:26,2014-06-13T17:49
793,2014-06-16T09:27,2014-06-16T17:50
794,2014-06-17T11:09,2014-06-17T18:43
795,2014-06-18T10:16,2014-06-18T16:17
796,2014-06-19T09:45,2014-06-19T17:52
797,2014-06-20T10:18,2014-06-20T17:26
798,2014-06-23T06:27,2014-06-23T17:47
799,2014-06-24T09:40,2014-06-24T18:01
800,2014-06-25T08:47,2014-06-25T19:33
801,2014-06-26T11:51,2014-06-26T19:57
802,2014-06-27T11:07,2014-06-27T17:59
803,2014-06-30T10:38,2014-06-30T19:56
804,2014-07-01T10:15,2014-07-01T16:19
805,2014-07-02T05:17,2014-07-02T19:29
806,2014-07-03T08:39,2014-07-03T20:51
807,2014-07-04T10:16,2014-07-04T17:40
808,2014-07-07T12:08,2014-07-07T18:23
809,2014-07-08T06:09,2014-07-08T18:05
810,2014-07-09T11:55,2014-07-09T20:24
811,2014-07-10T08:06,2014-07-10T19:46
812,2014-07-11T09:06,2014-07-11T19:55
813,2014-07-14T06:00,2014-07-14T18:39
814,2014-07-15T11:16,2014-07-15T16:49
815,2014-07-16T11:14,2014-07-16T17:59
816,2014-07-17T08:41,2014-07-17T16:40
817,2014-07-18T11:02,2014-07-18T18:24
818,2014-07-21T10:25,2014-07-21T20:22
819,2014-07-22T11:10,2014-07-22T20:50
820,2014-07-23T09:02,2014-07-23T17:01
821,2014-07-24T07:06,2014-07-24T18:47
822,2014-07-25T12:07,2014-07-25T17:21
823,2014-07-28T12:50,2014-07-28T16:37
824,2014-07-29T10:58,2014-07-29T17:09
825,2014-07-30T09:25,2014-07-30T20:54
826,2014-07-31T10:01,2014-07-31T17:16
827,2014-08-01T10:02,2014-08-01T20:05
828,2014-08-04T06:11,2014-08-04T20:50
829,2014-08-05T10:24,2014-08-05T19:32
830,2014-08-06T08:59,2014-08-06T16:58
831,2014-08-07T10:43,2014-08-07T19:36
832,2014-08-08T05:23,2014-08-08T18:47
833,2014-08-11T10:15,2014-08-11T19:19
834,2014-08-12T10:59,2014-08-12T17:23
835,2014-08-13T07:22,2014-08-13T19:10
836,2014-08-14T05:25,2014-08-14T20:07
837,2014-08-15T06:30,2014-08-15T16:05
838,2014-08-18T06:36,2014-08-18T19:32
839,2014-08-19T11:46,2014-08-19T20:50
840,2014-08-20T06:36,2014-08-20T17:19
841,2014-08-21T07:36,2014-08-21T17:50
842,2014-08-22T10:24,2014-08-22T16:14
843,2014-08-25T05:41,2014-08-25T20:22
844,2014-08-26T07:42,2014-08-26T16:16
845,2014-08-27T08:16,2014-08-27T16:39
846,2014-08-28T07:43,2014-08-28T17:27
847,2014-08-29T08:06,2014-08-29T19:42
848,2014-09-01T09:45,2014-09-01T17:06
849,2014-09-02T05:55,2014-09-02T20:38
850,2014-09-03T11:06,2014-09-03T16:52
851,2014-09-04T08:00,2014-09-04T16:21
852,2014-09-05T10:43,2014-09-05T16:54
853,2014-09-08T12:57,2014-09-08T20:05
854,2014-09-09T10:39,2014-09-09T20:24
855,2014-09-10T12:32,2014-09-10T20:55
856,2014-09-11T10:47,2014-09-11T17:43
857,2014-09-12T11:10,2014-09-12T16:59
858,2014-09-15T10:24,2014-09-15T19:28
859,2014-09-16T07:58,2014-09-16T19:53
860,2014-09-17T05:35,2014-09-17T16:27
861,2014-09-18T05:13,2014-09-18T18:37
862,2014-09-19T09:20,2014-09-19T16:32
863,2014-09-22T12:16,2014-09-22T17:47
864,2014-09-23T10:36,2014-09-23T18:25
865,2014-09-24T08:21,2014-09-24T19:58
866,2014-09-25T07:18,2014-09-25T17:18
867,2014-09-26T06:00,2014-09-26T16:52
868,2014-09-29T09:37,2014-09-29T16:51
869,2014-09-30T08:13,2014-09-30T18:09
870,2014-10-01T07:32,2014-10-01T16:35
871,2014-10-02T12:42,2014-10-02T20:21
872,2014-10-03T09:17,2014-10-03T17:02
873,2014-10-06T11:58,2014-10-06T19:40
874,2014-10-07T05:04,2014-10-07T18:54
875,2014-10-08T12:19,2014-10-08T17:51
876,2014-10-09T09:48,2014-10-09T16:52
877,2014-10-10T08:57,2014-10-10T18:07
878,2014-10-13T05:49,2014-10-13T18:47
879,2014-10-14T12:01,2014-10-14T16:06
880,2014-10-15T10:23,2014-10-15T17:11
881,2014-10-16T08:42,2014-10-16T16:38
882,2014-10-17T08:54,2014-10-17T18:43
883,2014-10-20T08:28,2014-10-20T17:12
884,2014-10-21T09:49,2014-10-21T20:15
885,2014-10-22T10:13,2014-10-22T20:46
886,2014-10-23T05:30,2014-10-23T16:05
887,2014-10-24T11:29,2014-10-24T16:55
888,2014-10-27T08:00,2014-10-27T18:19
889,2014-10-28T05:58,2014-10-28T18:12
890,2014-10-29T07:40,2014-10-29T18:33
891,2014-10-30T05:48,2014-10-30T19:33
892,2014-10-31T11:51,2014-10-31T17:53
893,2014-11-03T09:26,2014-11-03T20:46
894,2014-11-04T08:27,2014-11-04T17:36
895,2014-11-05T09:50,2014-11-05T18:13
896,2014-11-06T12:16,2014-11-06T20:45
897,2014-11-07T12:18,2014-11-07T16:04
898,2014-11-10T05:56,2014-11-10T20:13
899,2014-11-11T05:48,2014-11-11T16:31
900,2014-11-12T05:58,2014-11-12T17:23
901,2014-11-13T10:53,2014-11-13T18:53
902,2014-11-14T08:15,2014-11-14T16:34
903,2014-11-17T12:44,2014-11-17T19:55
904,2014-11-18T12:25,2014-11-18T19:23
905,2014-11-19T11:41,2014-11-19T18:09
906,2014-11-20T12:18,2014-11-20T19:26
907,2014-11-21T08:47,2014-11-21T17:40
908,2014-11-24T08:17,2014-11-24T16:39
909,2014-11-25T10:20,2014-11-25T20:12
910,2014-11-26T10:30,2014-11-26T16:08
911,2014-11-27T10:44,2014-11-27T17:43
912,2014-11-28T05:46,2014-11-28T17:43
913,2014-12-01T11:30,2014-12-01T17:07
914,2014-12-02T11:32,2014-12-02T18:48
915,2014-12-03T11:02,2014-12-03T20:50
916,2014-12-04T05:21,2014-12-04T18:14
917,2014-12-05T07:39,2014-12-05T18:30
918,2014-12-08T09:03,2014-12-08T18:46
919,2014-12-09T09:44,2014-12-09T18:23
920,2014-12-10T07:54,2014-12-10T18:31
921,2014-12-11T11:53,2014-12-11T19:10
922,2014-12-12T06:00,2014-12-12T17:06
923,2014-12-15T08:15,2014-12-15T18:56
924,2014-12-16T09:30,2014-12-16T16:12
925,2014-12-17T07:29,2014-12-17T18:35
926,2014-12-18T08:10,2014-12-18T16:39
927,2014-12-19T06:12,2014-12-19T18:19
928,2014-12-22T11:50,2014-12-22T16:33
929,2014-12-23T11:18,2014-12-23T16:46
930,2014-12-24T11:13,2014-12-24T18:46
931,2014-12-25T06:22,2014-12-25T17:48
932,2014-12-26T10:16,2014-12-26T20:33
933,2014-12-29T06:37,2014-12-29T20:00
934,2014-12-30T08:12,2014-12-30T16:07
935,2014-12-31T09:04,2014-12-31T16:44
936,2015-01-01T09:03,2015-01-01T19:44
937,2015-01-02T07:06,2015-01-02T17:48
938,2015-01-05T11:20,2015-01-05T19:43
939,2015-01-06T11:11,2015-01-06T17:03
940,2015-01-07T12:50,2015-01-07T20:52
941,2015-01-08T11:36,2015-01-08T20:05
942,2015-01-09T09:15,2015-01-09T18:29
943,2015-01-12T11:20,2015-01-12T17:27
944,2015-01-13T07:25,2015-01-13T19:01
945,2015-01-14T12:56,2015-01-14T20:08
946,2015-01-15T06:27,2015-01-15T18:07
947,2015-01-16T12:34,2015-01-16T20:38
948,2015-01-19T05:27,2015-01-19T17:51
949,2015-01-20T05:47,2015-01-20T19:37
950,2015-01-21T12:15,2015-01-21T18:00
951,2015-01-22T05:37,2015-01-22T17:55
952,2015-01-23T06:21,2015-01-23T17:21
953,2015-01-26T08:50,2015-01-26T17:28
954,2015-01-27T06:04,2015-01-27T19:51
955,2015-01-28T09:42,2015-01-28T20:58
956,2015-01-29T06:14,2015-01-29T19:50
957,2015-01-30T12:07,2015-01-30T20:26
958,2015-02-02T08:52,2015-02-02T17:32
959,2015-02-03T11:31,2015-02-03T20:55
960,2015-02-04T11:03,2015-02-04T18:56
961,2015-02-05T08:28,2015-02-05T16:52
962,2015-02-06T06:55,2015-02-06T16:19
963,2015-02-09T11:43,2015-02-09T17:08
964,2015-02-10T12:22,2015-02-10T16:08
965,2015-02-11T10:39,2015-02-11T17:11
966,2015-02-12T08:22,2015-02-12T19:06
967,2015-02-13T09:11,2015-02-13T20:51
968,2015-02-16T07:37,2015-02-16T18:26
969,2015-02-17T06:57,2015-02-17T19:07
970,2015-02-18T07:30,2015-02-18T17:10
971,2015-02-19T11:06,2015-02-19T16:45
972,2015-02-20T05:28,2015-02-20T16:06
973,2015-02-23T10:05,2015-02-23T16:41
974,2015-02-24T06:03,2015-02-24T17:17
975,2015-02-25T09:43,2015-02-25T17:12
976,2015-02-26T12:27,2015-02-26T19:50
977,2015-02-27T08:34,2015-02-27T16:26
978,2015-03-02T12:06,2015-03-02T19:36
979,2015-03-03T05:30,2015-03-03T19:27
980,2015-03-04T12:35,2015-03-04T20:35
981,2015-03-05T11:11,2015-03-05T20:41
982,2015-03-06T10:38,2015-03-06T20:32
983,2015-03-09T10:12,2015-03-09T16:02
984,2015-03-10T06:40,2015-03-10T19:13
985,2015-03-11T05:38,2015-03-11T16:28
986,2015-03-12T07:47,2015-03-12T20:07
987,2015-03-13T05:18,2015-03-13T17:38
988,2015-03-16T08:14,2015-03-16T18:12
989,2015-03-17T08:03,2015-03-17T18:11
990,2015-03-18T11:37,2015-03-18T20:07
991,2015-03-19T05:21,2015-03-19T20:05
992,2015-03-20T07:12,2015-03-20T20:13
993,2015-03-23T05:19,2015-03-23T20:16
994,2015-03-24T10:38,2015-03-24T16:08
995,2015-03-25T09:24,2015-03-25T20:54
996,2015-03-26T09:08,2015-03-26T18:50
997,2015-03-27T11:06,2015-03-27T19:29
998,2015-03-30T05:01,2015-03-30T18:36
999,2015-03-31T10:22,2015-03-31T17:05
1000,2015-04-01T12:01,2015-04-01T16:09
