_id;startzeit;endzeit
1;2003-04-16T12:14;2003-04-16T20:34
2;2003-04-17T07:42;2003-04-17T17:54
3;2003-04-18T12:23;2003-04-18T18:04
4;2003-04-21T07:20;2003-04-21T17:13
5;2003-04-22T08:54;2003-04-22T18:32
6;2003-04-23T09:56;2003-04-23T20:38
7;2003-04-24T06:19;2003-04-24T18:39
8;2003-04-25T12:34;2003-04-25T16:08
9;2003-04-28T08:13;2003-04-28T20:29
10;2003-04-29T11:09;2003-04-29T17:22
11;2003-04-30T07:47;2003-04-30T19:43
12;2003-05-01T07:46;2003-05-01T18:40
13;2003-05-02T11:04;2003-05-02T18:26
14;2003-05-05T10:46;2003-05-05T17:33
15;2003-05-06T11:39;2003-05-06T20:40
16;2003-05-07T10:37;2003-05-07T18:49
17;2003-05-08T07:06;2003-05-08T17:08
18;2003-05-09T06:45;2003-05-09T20:18
19;2003-05-12T12:00;2003-05-12T17:09
20;2003-05-13T12:22;2003-05-13T19:19
21;2003-05-14T05:29;2003-05-14T19:43
22;2003-05-15T09:12;2003-05-15T20:01
23;2003-05-16T11:19;2003-05-16T20:18
24;2003-05-19T10:40;2003-05-19T16:02
25;2003-05-20T06:13;2003-05-20T18:44
26;2003-05-21T11:11;2003-05-21T18:30
27;2003-05-22T07:22;2003-05-22T18:34
28;2003-05-23T11:52;2003-05-23T18:46
29;2003-05-26T12:16;2003-05-26T19:43
30;2003-05-27T09:04;2003-05-27T19:17
31;2003-05-28T09:03;2003-05-28T19:44
32;2003-05-29T12:09;2003-05-29T16:34
33;2003-05-30T06:12;2003-05-30T17:28
34;2003-06-02T06:30;2003-06-02T19:44
35;2003-06-03T09:43;2003-06-03T20:56
36;2003-06-04T12:53;2003-06-04T19:09
37;2003-06-05T09:03;2003-06-05T18:40
38;2003-06-06T06:20;2003-06-06T20:53
39;2003-06-09T11:58;2003-06-09T18:20
40;2003-06-10T09:04;2003-06-10T20:33
41;2003-06-11T09:01;2003-06-11T19:05
42;2003-06-12T11:16;2003-06-12T20:10
43;2003-06-13T07:07;2003-06-13T19:16
44;2003-06-16T07:48;2003-06-16T19:58
45;2003-06-17T10:18;2003-06-17T19:55
46;2003-06-18T09:23;2003-06-18T20:13
47;2003-06-19T10:37;2003-06-19T20:05
48;2003-06-20T06:35;2003-06-20T20:48
49;2003-06-23T07:08;2003-06-23T19:37
50;2003-06-24T05:56;2003-06-24T19:17
51;2003-06-25T06:12;2003-06-25T20:12
52;2003-06-26T05:22;2003-06-26T16:11
53;2003-06-27T09:34;2003-06-27T18:08
54;2003-06-30T12:56;2003-06-30T19:28
55;2003-07-01T05:40;2003-07-01T17:44
56;2003-07-02T07:49;2003-07-02T19:04
57;2003-07-03T05:14;2003-07-03T17:46
58;2003-07-04T12:32;2003-07-04T17:39
59;2003-07-07T12:34;2003-07-07T17:38
60;2003-07-08T08:35;2003-07-08T18:38
61;2003-07-09T05:00;2003-07-09T18:54
62;2003-07-10T06:17;2003-07-10T16:01
63;2003-07-11T10:29;2003-07-11T17:36
64;2003-07-14T10:33;2003-07-14T16:35
65;2003-07-15T10:20;2003-07-15T20:55
66;2003-07-16T10:14;2003-07-16T19:40
67;2003-07-17T10:54;2003-07-17T17:41
68;2003-07-18T05:00;2003-07-18T19:45
69;2003-07-21T11:23;2003-07-21T19:41
70;2003-07-22T05:29;2003-07-22T18:12
71;2003-07-23T06:18;2003-07-23T16:20
72;2003-07-24T11:24;2003-07-24T20:13
73;2003-07-25T11:12;2003-07-25T19:18
74;2003-07-28T10:54;2003-07-28T19:13
75;2003-07-29T09:43;2003-07-29T16:19
76;2003-07-30T09:37;2003-07-30T17:21
77;2003-07-31T10:00;2003-07-31T18:01
78;2003-08-01T05:12;2003-08-01T20:43
79;2003-08-04T05:10;2003-08-04T16:26
80;2003-08-05T10:32;2003-08-05T16:09
81;2003-08-06T05:52;2003-08-06T18:31
82;2003-08-07T05:23;2003-08-07T16:43
83;2003-08-08T12:48;2003-08-08T19:45
84;2003-08-11T12:23;2003-08-11T16:12
85;2003-08-12T06:24;2003-08-12T16:43
86;2003-08-13T08:34;2003-08-13T18:49
87;2003-08-14T07:13;2003-08-14T17:40
88;2003-08-15T12:47;2003-08-15T20:52
89;2003-08-18T10:42;2003-08-18T20:41
90;2003-08-19T12:36;2003-08-19T18:22
91;2003-08-20T05:49;2003-08-20T19:28
92;2003-08-21T12:28;2003-08-21T16:11
93;2003-08-22T09:08;2003-08-22T20:22
94;2003-08-25T05:27;2003-08-25T17:38
95;2003-08-26T07:03;2003-08-26T17:56
96;2003-08-27T06:15;2003-08-27T18:34
97;2003-08-28T05:36;2003-08-28T16:14
98;2003-08-29T07:04;2003-08-29T19:02
99;2003-09-01T05:25;2003-09-01T20:41
100;2003-09-02T05:11;2003-09-02T20:52
101;2003-09-03T12:44;2003-09-03T20:15
102;2003-09-04T07:55;2003-09-04T20:24
103;2003-09-05T12:43;2003-09-05T17:50
104;2003-09-08T09:01;2003-09-08T17:20
105;2003-09-09T05:57;2003-09-09T18:19
106;2003-09-10T05:10;2003-09-10T19:20
107;2003-09-11T08:43;2003-09-11T20:58
108;2003-09-12T05:56;2003-09-12T16:28
109;2003-09-15T11:10;2003-09-15T19:29
110;2003-09-16T05:45;2003-09-16T19:45
111;2003-09-17T12:52;2003-09-17T16:01
112;2003-09-18T05:16;2003-09-18T17:32
113;2003-09-19T12:38;2003-09-19T16:28
114;2003-09-22T11:04;2003-09-22T19:13
115;2003-09-23T07:30;2003-09-23T16:45
116;2003-09-24T05:32;2003-09-24T17:04
117;2003-09-25T06:50;2003-09-25T17:12
118;2003-09-26T11:24;2003-09-26T16:26
119;2003-09-29T09:31;2003-09-29T17:00
120;2003-09-30T10:43;2003-09-30T19:52
121;2003-10-01T06:37;2003-10-01T20:20
122;2003-10-02T07:02;2003-10-02T16:27
123;2003-10-03T07:32;2003-10-03T17:15
124;2003-10-06T06:38;2003-10-06T18:24
125;2003-10-07T10:42;2003-10-07T16:22
126;2003-10-08T08:59;2003-10-08T18:38
127;2003-10-09T11:56;2003-10-09T16:18
128;2003-10-10T06:05;2003-10-10T18:47
129;2003-10-13T11:15;2003-10-13T18:41
130;2003-10-14T11:27;2003-10-14T20:40
131;2003-10-15T06:59;2003-10-15T18:18
132;2003-10-16T09:55;2003-10-16T20:13
133;2003-10-17T07:47;2003-10-17T17:51
134;2003-10-20T12:13;2003-10-20T19:44
135;2003-10-21T06:33;2003-10-21T18:31
136;2003-10-22T11:15;2003-10-22T19:38
137;2003-10-23T11:52;2003-10-23T18:47
138;2003-10-24T07:00;2003-10-24T16:30
139;2003-10-27T05:03;2003-10-27T18:49
140;2003-10-28T11:34;2003-10-28T16:59
141;2003-10-29T12:57;2003-10-29T20:14
142;2003-10-30T11:57;2003-10-30T19:38
143;2003-10-31T07:46;2003-10-31T16:32
144;2003-11-03T11:05;2003-11-03T19:00
145;2003-11-04T06:00;2003-11-04T16:22
146;2003-11-05T12:08;2003-11-05T18:36
147;2003-11-06T09:51;2003-11-06T18:03
148;2003-11-07T11:33;2003-11-07T19:45
149;2003-11-10T11:43;2003-11-10T20:34
150;2003-11-11T08:09;2003-11-11T20:18
151;2003-11-12T08:25;2003-11-12T20:50
152;2003-11-13T06:47;2003-11-13T20:41
153;2003-11-14T09:44;2003-11-14T17:50
154;2003-11-17T12:23;2003-11-17T20:06
155;2003-11-18T10:45;2003-11-18T18:27
156;2003-11-19T07:52;2003-11-19T18:32
157;2003-11-20T11:28;2003-11-20T16:07
158;2003-11-21T09:35;2003-11-21T18:31
159;2003-11-24T11:49;2003-11-24T19:38
160;2003-11-25T12:50;2003-11-25T16:57
161;2003-11-26T08:41;2003-11-26T18:26
162;2003-11-27T08:23;2003-11-27T17:04
163;2003-11-28T07:19;2003-11-28T20:40
164;2003-12-01T05:35;2003-12-01T17:13
165;2003-12-02T05:26;2003-12-02T19:42
166;2003-12-03T09:45;2003-12-03T20:10
167;2003-12-04T06:17;2003-12-04T18:45
168;2003-12-05T05:38;2003-12-05T17:15
169;2003-12-08T07:28;2003-12-08T16:14
170;2003-12-09T07:08;2003-12-09T18:55
171;2003-12-10T11:24;2003-12-10T19:46
172;2003-12-11T09:09;2003-12-11T20:44
173;2003-12-12T06:43;2003-12-12T19:03
174;2003-12-15T08:36;2003-12-15T20:12
175;2003-12-16T07:10;2003-12-16T18:00
176;2003-12-17T10:52;2003-12-17T16:40
177;2003-12-18T07:08;2003-12-18T16:33
178;2003-12-19T11:44;2003-12-19T16:34
179;2003-12-22T05:01;2003-12-22T17:02
180;2003-12-23T07:01;2003-12-23T20:19
181;2003-12-24T12:13;2003-12-24T19:40
182;2003-12-25T10:47;2003-12-25T20:11
183;2003-12-26T11:05;2003-12-26T18:51
184;2003-12-29T11:19;2003-12-29T17:01
185;2003-12-30T11:16;2003-12-30T20:33
186;2003-12-31T05:45;2003-12-31T18:47
187;2004-01-01T12:58;2004-01-01T20:01
188;2004-01-02T11:24;2004-01-02T20:24
189;2004-01-05T08:30;2004-01-05T18:06
190;2004-01-06T09:19;2004-01-06T20:09
191;2004-01-07T07:25;2004-01-07T18:38
192;2004-01-08T05:22;2004-01-08T20:43
193;2004-01-09T05:25;2004-01-09T19:19
194;2004-01-12T08:53;2004-01-12T17:32
195;2004-01-13T07:50;2004-01-13T16:58
196;2004-01-14T05:41;2004-01-14T19:19
197;2004-01-15T11:30;2004-01-15T19:35
198;2004-01-16T06:27;2004-01-16T19:29
199;2004-01-19T07:55;2004-01-19T17:01
200;2004-01-20T11:39;2004-01-20T16:29
201;2004-01-21T08:19;2004-01-21T19:28
202;2004-01-22T05:46;2004-01-22T16:28
203;2004-01-23T09:02;2004-01-23T20:24
204;2004-01-26T07:08;2004-01-26T19:14
205;2004-01-27T06:17;2004-01-27T16:45
206;2004-01-28T08:02;2004-01-28T16:14
207;2004-01-29T09:27;2004-01-29T18:48
208;2004-01-30T10:30;2004-01-30T16:43
209;2004-02-02T05:26;2004-02-02T16:34
210;2004-02-03T12:12;2004-02-03T20:16
211;2004-02-04T06:41;2004-02-04T18:48
212;2004-02-05T05:00;2004-02-05T17:09
213;2004-02-06T11:07;2004-02-06T20:49
214;2004-02-09T10:26;2004-02-09T19:32
215;2004-02-10T11:27;2004-02-10T19:10
216;2004-02-11T05:47;2004-02-11T19:16
217;2004-02-12T06:44;2004-02-12T18:19
218;2004-02-13T08:30;2004-02-13T16:49
219;2004-02-16T07:04;2004-02-16T16:59
220;2004-02-17T10:29;2004-02-17T19:47
221;2004-02-18T09:36;2004-02-18T16:02
222;2004-02-19T05:27;2004-02-19T19:04
223;2004-02-20T10:58;2004-02-20T16:37
224;2004-02-23T06:55;2004-02-23T16:27
225;2004-02-24T05:23;2004-02-24T18:45
226;2004-02-25T09:23;2004-02-25T20:06
227;2004-02-26T10:15;2004-02-26T20:30
228;2004-02-27T11:40;2004-02-27T20:29
229;2004-03-01T09:28;2004-03-01T20:26
230;2004-03-02T09:02;2004-03-02T18:17
231;2004-03-03T08:54;2004-03-03T19:17
232;2004-03-04T11:00;2004-03-04T18:54
233;2004-03-05T05:32;2004-03-05T16:00
234;2004-03-08T11:30;2004-03-08T18:17
235;2004-03-09T06:26;2004-03-09T17:24
236;2004-03-10T07:40;2004-03-10T19:46
237;2004-03-11T10:03;2004-03-11T19:22
238;2004-03-12T06:00;2004-03-12T20:11
239;2004-03-15T09:09;2004-03-15T17:32
240;2004-03-16T07:26;2004-03-16T17:42
241;2004-03-17T06:42;2004-03-17T17:31
242;2004-03-18T09:14;2004-03-18T16:57
243;2004-03-19T05:48;2004-03-19T18:54
244;2004-03-22T12:25;2004-03-22T19:21
245;2004-03-23T11:07;2004-03-23T19:40
246;2004-03-24T11:37;2004-03-24T20:36
247;2004-03-25T11:49;2004-03-25T19:50
248;2004-03-26T08:18;2004-03-26T18:28
249;2004-03-29T09:56;2004-03-29T20:34
250;2004-03-30T10:50;2004-03-30T16:16
251;2004-03-31T10:55;2004-03-31T20:35
252;2004-04-01T09:47;2004-04-01T18:44
253;2004-04-02T09:35;2004-04-02T19:31
254;2004-04-05T07:30;2004-04-05T18:01
255;2004-04-06T09:19;2004-04-06T18:20
256;2004-04-07T07:36;2004-04-07T16:11
257;2004-04-08T08:54;2004-04-08T18:35
258;2004-04-09T05:25;2004-04-09T18:28
259;2004-04-12T12:56;2004-04-12T18:27
260;2004-04-13T08:22;2004-04-13T17:50
261;2004-04-14T07:24;2004-04-14T17:55
262;2004-04-15T08:26;2004-04-15T19:21
263;2004-04-16T12:03;2004-04-16T19:52
264;2004-04-19T09:27;2004-04-19T16:23
265;2004-04-20T07:05;2004-04-20T18:58
266;2004-04-21T07:11;2004-04-21T17:39
267;2004-04-22T08:06;2004-04-22T17:35
268;2004-04-23T07:12;2004-04-23T19:53
269;2004-04-26T06:10;2004-04-26T18:55
270;2004-04-27T08:47;2004-04-27T17:53
271;2004-04-28T09:43;2004-04-28T19:53
272;2004-04-29T07:32;2004-04-29T16:52
273;2004-04-30T06:06;2004-04-30T17:53
274;2004-05-03T12:23;2004-05-03T16:57
275;2004-05-04T10:03;2004-05-04T17:17
276;2004-05-05T09:22;2004-05-05T20:08
277;2004-05-06T11:03;2004-05-06T17:20
278;2004-05-07T11:49;2004-05-07T18:55
279;2004-05-10T09:48;2004-05-10T19:42
280;2004-05-11T10:01;2004-05-11T17:02
281;2004-05-12T06:17;2004-05-12T18:28
282;2004-05-13T12:18;2004-05-13T19:34
283;2004-05-14T07:18;2004-05-14T16:07
284;2004-05-17T07:05;2004-05-17T20:42
285;2004-05-18T11:55;2004-05-18T16:47
286;2004-05-19T12:17;2004-05-19T16:01
287;2004-05-20T12:42;2004-05-20T19:19
288;2004-05-21T10:35;2004-05-21T18:37
289;2004-05-24T07:41;2004-05-24T19:53
290;2004-05-25T12:29;2004-05-25T16:44
291;2004-05-26T11:09;2004-05-26T17:03
292;2004-05-27T11:22;2004-05-27T18:01
293;2004-05-28T05:33;2004-05-28T20:57
294;2004-05-31T05:53;2004-05-31T19:19
295;2004-06-01T09:05;2004-06-01T16:57
296;2004-06-02T08:05;2004-06-02T19:06
297;2004-06-03T11:36;2004-06-03T20:00
298;2004-06-04T11:56;2004-06-04T17:42
299;2004-06-07T10:37;2004-06-07T18:29
300;2004-06-08T12:02;2004-06-08T19:02
301;2004-06-09T11:57;2004-06-09T17:51
302;2004-06-10T06:31;2004-06-10T16:36
303;2004-06-11T05:07;2004-06-11T17:57
304;2004-06-14T12:21;2004-06-14T20:47
305;2004-06-15T05:00;2004-06-15T18:14
306;2004-06-16T09:15;2004-06-16T19:48
307;2004-06-17T05:55;2004-06-17T16:36
308;2004-06-18T05:32;2004-06-18T19:01
309;2004-06-21T09:48;2004-06-21T19:09
310;2004-06-22T06:40;2004-06-22T19:46
311;2004-06-23T05:43;2004-06-23T16:00
312;2004-06-24T06:23;2004-06-24T17:06
313;2004-06-25T11:31;2004-06-25T20:44
314;2004-06-28T12:57;2004-06-28T19:38
315;2004-06-29T12:21;2004-06-29T18:56
316;2004-06-30T07:32;2004-06-30T19:15
317;2004-07-01T07:06;2004-07-01T19:03
318;2004-07-02T09:55;2004-07-02T19:35
319;2004-07-05T08:00;2004-07-05T18:44
320;2004-07-06T11:12;2004-07-06T20:54
321;2004-07-07T07:48;2004-07-07T19:19
322;2004-07-08T08:37;2004-07-08T20:29
323;2004-07-09T08:56;2004-07-09T16:20
324;2004-07-12T09:27;2004-07-12T20:50
325;2004-07-13T09:15;2004-07-13T18:14
326;2004-07-14T12:35;2004-07-14T20:03
327;2004-07-15T06:57;2004-07-15T17:26
328;2004-07-16T10:40;2004-07-16T18:31
329;2004-07-19T05:20;2004-07-19T17:14
330;2004-07-20T07:27;2004-07-20T17:56
331;2004-07-21T09:24;2004-07-21T20:06
332;2004-07-22T06:05;2004-07-22T20:04
333;2004-07-23T07:39;2004-07-23T16:39
334;2004-07-26T12:28;2004-07-26T16:53
335;2004-07-27T05:09;2004-07-27T19:17
336;2004-07-28T08:37;2004-07-28T17:05
337;2004-07-29T10:52;2004-07-29T16:04
338;2004-07-30T08:29;2004-07-30T17:29
339;2004-08-02T07:34;2004-08-02T20:39
340;2004-08-03T12:12;2004-08-03T17:30
341;2004-08-04T09:20;2004-08-04T19:26
342;2004-08-05T06:54;2004-08-05T16:18
343;2004-08-06T10:28;2004-08-06T19:54
344;2004-08-09T05:55;2004-08-09T17:48
345;2004-08-10T10:59;2004-08-10T17:51
346;2004-08-11T10:52;2004-08-11T18:33
347;2004-08-12T08:15;2004-08-12T17:18
348;2004-08-13T07:32;2004-08-13T17:36
349;2004-08-16T08:52;2004-08-16T16:07
350;2004-08-17T10:26;2004-08-17T17:18
351;2004-08-18T12:13;2004-08-18T19:09
352;2004-08-19T08:36;2004-08-19T16:53
353;2004-08-20T07:12;2004-08-20T19:30
354;2004-08-23T09:24;2004-08-23T19:37
355;2004-08-24T05:31;2004-08-24T16:30
356;2004-08-25T12:52;2004-08-25T19:44
357;2004-08-26T07:16;2004-08-26T18:29
358;2004-08-27T06:07;2004-08-27T17:37
359;2004-08-30T11:47;2004-08-30T16:35
360;2004-08-31T09:31;2004-08-31T16:23
361;2004-09-01T12:50;2004-09-01T18:08
362;2004-09-02T05:58;2004-09-02T18:38
363;2004-09-03T08:24;2004-09-03T16:27
364;2004-09-06T10:43;2004-09-06T16:48
365;2004-09-07T10:39;2004-09-07T18:04
366;2004-09-08T09:06;2004-09-08T17:43
367;2004-09-09T05:25;2004-09-09T16:53
368;2004-09-10T09:00;2004-09-10T19:33
369;2004-09-13T05:23;2004-09-13T20:46
370;2004-09-14T05:44;2004-09-14T17:59
371;2004-09-15T10:29;2004-09-15T16:38
372;2004-09-16T05:50;2004-09-16T20:15
373;2004-09-17T07:44;2004-09-17T19:33
374;2004-09-20T09:19;2004-09-20T20:40
375;2004-09-21T11:46;2004-09-21T18:26
376;2004-09-22T08:34;2004-09-22T17:35
377;2004-09-23T08:23;2004-09-23T19:03
378;2004-09-24T11:08;2004-09-24T19:35
379;2004-09-27T08:57;2004-09-27T18:38
380;2004-09-28T11:58;2004-09-28T16:47
381;2004-09-29T05:57;2004-09-29T17:13
382;2004-09-30T10:19;2004-09-30T19:35
383;2004-10-01T06:45;2004-10-01T20:46
384;2004-10-04T10:38;2004-10-04T18:32
385;2004-10-05T10:17;2004-10-05T18:50
386;2004-10-06T08:58;2004-10-06T18:14
387;2004-10-07T05:44;2004-10-07T16:27
388;2004-10-08T10:38;2004-10-08T20:01
389;2004-10-11T12:57;2004-10-11T17:59
390;2004-10-12T11:17;2004-10-12T16:37
391;2004-10-13T08:12;2004-10-13T16:18
392;2004-10-14T09:10;2004-10-14T17:15
393;2004-10-15T08:34;2004-10-15T19:02
394;2004-10-18T09:08;2004-10-18T18:07
395;2004-10-19T10:04;2004-10-19T19:44
396;2004-10-20T08:58;2004-10-20T19:19
397;2004-10-21T07:50;2004-10-21T18:36
398;2004-10-22T07:03;2004-10-22T16:04
399;2004-10-25T11:47;2004-10-25T20:07
400;2004-10-26T11:05;2004-10-26T16:51
401;2004-10-27T11:03;2004-10-27T16:44
402;2004-10-28T11:36;2004-10-28T18:57
403;2004-10-29T05:36;2004-10-29T19:34
404;2004-11-01T06:49;2004-11-01T19:43
405;2004-11-02T08:44;2004-11-02T16:21
406;2004-11-03T07:53;2004-11-03T18:56
407;2004-11-04T12:07;2004-11-04T17:10
408;2004-11-05T12:37;2004-11-05T19:02
409;2004-11-08T08:29;2004-11-08T17:44
410;2004-11-09T09:46;2004-11-09T18:05
411;2004-11-10T05:04;2004-11-10T19:00
412;2004-11-11T05:24;2004-11-11T20:17
413;2004-11-12T12:52;2004-11-12T17:43
414;2004-11-15T08:12;2004-11-15T16:20
415;2004-11-16T12:25;2004-11-16T18:06
416;2004-11-17T07:12;2004-11-17T17:47
417;2004-11-18T05:03;2004-11-18T20:16
418;2004-11-19T10:49;2004-11-19T20:54
419;2004-11-22T10:47;2004-11-22T18:31
420;2004-11-23T08:41;2004-11-23T16:43
421;2004-11-24T11:53;2004-11-24T17:26
422;2004-11-25T08:38;2004-11-25T18:49
423;2004-11-26T12:06;2004-11-26T17:35
424;2004-11-29T07:05;2004-11-29T19:57
425;2004-11-30T11:59;2004-11-30T16:41
426;2004-12-01T12:15;2004-12-01T16:15
427;2004-12-02T08:09;2004-12-02T19:41
428;2004-12-03T10:58;2004-12-03T17:14
429;2004-12-06T06:36;2004-12-06T17:08
430;2004-12-07T12:16;2004-12-07T17:15
431;2004-12-08T06:47;2004-12-08T19:13
432;2004-12-09T09:52;2004-12-09T17:51
433;2004-12-10T12:56;2004-12-10T17:35
434;2004-12-13T06:10;2004-12-13T18:46
435;2004-12-14T08:35;2004-12-14T16:45
436;2004-12-15T05:25;2004-12-15T16:25
437;2004-12-16T11:23;2004-12-16T16:47
438;2004-12-17T05:06;2004-12-17T17:07
439;2004-12-20T11:27;2004-12-20T16:19
440;2004-12-21T10:25;2004-12-21T19:26
441;2004-12-22T07:58;2004-12-22T17:04
442;2004-12-23T08:00;2004-12-23T19:39
443;2004-12-24T12:27;2004-12-24T18:41
444;2004-12-27T12:33;2004-12-27T16:31
445;2004-12-28T10:51;2004-12-28T20:25
446;2004-12-29T09:56;2004-12-29T16:41
447;2004-12-30T12:56;2004-12-30T20:47
448;2004-12-31T08:41;2004-12-31T19:23
449;2005-01-03T09:51;2005-01-03T19:00
450;2005-01-04T10:23;2005-01-04T16:54
451;2005-01-05T10:28;2005-01-05T20:34
452;2005-01-06T05:56;2005-01-06T17:56
453;2005-01-07T09:46;2005-01-07T19:45
454;2005-01-10T05:35;2005-01-10T17:45
455;2005-01-11T10:49;2005-01-11T16:54
456;2005-01-12T10:10;2005-01-12T19:08
457;2005-01-13T11:44;2005-01-13T17:12
458;2005-01-14T12:02;2005-01-14T17:09
459;2005-01-17T11:42;2005-01-17T16:52
460;2005-01-18T05:25;2005-01-18T17:19
461;2005-01-19T08:51;2005-01-19T17:13
462;2005-01-20T05:17;2005-01-20T20:03
463;2005-01-21T07:50;2005-01-21T17:27
464;2005-01-24T12:26;2005-01-24T16:29
465;2005-01-25T11:09;2005-01-25T19:10
466;2005-01-26T12:47;2005-01-26T16:46
467;2005-01-27T05:22;2005-01-27T18:07
468;2005-01-28T11:54;2005-01-28T16:05
469;2005-01-31T08:58;2005-01-31T20:06
470;2005-02-01T10:50;2005-02-01T19:00
471;2005-02-02T07:59;2005-02-02T20:55
472;2005-02-03T05:45;2005-02-03T18:12
473;2005-02-04T12:56;2005-02-04T20:10
474;2005-02-07T12:35;2005-02-07T18:17
475;2005-02-08T07:46;2005-02-08T20:31
476;2005-02-09T10:37;2005-02-09T19:59
477;2005-02-10T07:30;2005-02-10T18:43
478;2005-02-11T12:18;2005-02-11T20:27
479;2005-02-14T07:03;2005-02-14T18:43
480;2005-02-15T05:13;2005-02-15T18:44
481;2005-02-16T09:18;2005-02-16T19:04
482;2005-02-17T11:12;2005-02-17T16:38
483;2005-02-18T05:58;2005-02-18T20:03
484;2005-02-21T12:18;2005-02-21T16:00
485;2005-02-22T12:24;2005-02-22T16:27
486;2005-02-23T08:18;2005-02-23T18:02
487;2005-02-24T11:46;2005-02-24T16:10
488;2005-02-25T11:21;2005-02-25T19:16
489;2005-02-28T10:49;2005-02-28T18:29
490;2005-03-01T12:18;2005-03-01T16:31
491;2005-03-02T10:02;2005-03-02T16:02
492;2005-03-03T07:46;2005-03-03T17:34
493;2005-03-04T10:14;2005-03-04T18:28
494;2005-03-07T12:26;2005-03-07T18:00
495;2005-03-08T12:53;2005-03-08T20:59
496;2005-03-09T08:53;2005-03-09T16:17
497;2005-03-10T09:32;2005-03-10T16:55
498;2005-03-11T11:10;2005-03-11T16:27
499;2005-03-14T11:30;2005-03-14T20:42
500;2005-03-15T09:01;2005-03-15T19:34
501;2005-03-16T11:41;2005-03-16T16:04
502;2005-03-17T11:57;2005-03-17T18:56
503;2005-03-18T06:17;2005-03-18T16:10
504;2005-03-21T09:53;2005-03-21T20:30
505;2005-03-22T06:24;2005-03-22T20:58
506;2005-03-23T08:47;2005-03-23T18:55
507;2005-03-24T11:46;2005-03-24T20:30
508;2005-03-25T07:47;2005-03-25T20:18
509;2005-03-28T08:44;2005-03-28T19:24
510;2005-03-29T09:41;2005-03-29T16:40
511;2005-03-30T09:21;2005-03-30T20:47
512;2005-03-31T08:36;2005-03-31T20:06
513;2005-04-01T09:18;2005-04-01T19:09
514;2005-04-04T06:44;2005-04-04T20:45
515;2005-04-05T08:10;2005-04-05T17:16
516;2005-04-06T10:54;2005-04-06T17:39
517;2005-04-07T08:03;2005-04-07T17:00
518;2005-04-08T11:21;2005-04-08T20:35
519;2005-04-11T11:52;2005-04-11T19:17
520;2005-04-12T07:00;2005-04-12T19:43
521;2005-04-13T09:35;2005-04-13T18:13
522;2005-04-14T11:09;2005-04-14T20:38
523;2005-04-15T05:04;2005-04-15T20:49
524;2005-04-18T06:23;2005-04-18T20:24
525;2005-04-19T10:48;2005-04-19T18:23
526;2005-04-20T09:26;2005-04-20T19:43
527;2005-04-21T11:30;2005-04-21T17:44
528;2005-04-22T12:26;2005-04-22T16:35
529;2005-04-25T06:55;2005-04-25T17:35
530;2005-04-26T09:00;2005-04-26T17:53
531;2005-04-27T07:58;2005-04-27T20:29
532;2005-04-28T06:09;2005-04-28T17:25
533;2005-04-29T06:51;2005-04-29T19:18
534;2005-05-02T11:56;2005-05-02T16:02
535;2005-05-03T05:24;2005-05-03T19:35
536;2005-05-04T05:01;2005-05-04T17:49
537;2005-05-05T08:20;2005-05-05T18:07
538;2005-05-06T08:06;2005-05-06T19:06
539;2005-05-09T09:13;2005-05-09T16:49
540;2005-05-10T11:35;2005-05-10T16:27
541;2005-05-11T11:39;2005-05-11T16:32
542;2005-05-12T10:25;2005-05-12T18:05
543;2005-05-13T07:28;2005-05-13T19:06
544;2005-05-16T12:58;2005-05-16T20:54
545;2005-05-17T07:06;2005-05-17T17:10
546;2005-05-18T10:45;2005-05-18T16:48
547;2005-05-19T11:27;2005-05-19T17:46
548;2005-05-20T12:39;2005-05-20T18:34
549;2005-05-23T12:55;2005-05-23T19:12
550;2005-05-24T08:01;2005-05-24T20:49
551;2005-05-25T05:19;2005-05-25T17:33
552;2005-05-26T12:33;2005-05-26T18:32
553;2005-05-27T06:55;2005-05-27T17:26
554;2005-05-30T08:04;2005-05-30T18:12
555;2005-05-31T12:24;2005-05-31T20:16
556;2005-06-01T12:28;2005-06-01T16:04
557;2005-06-02T09:54;2005-06-02T19:06
558;2005-06-03T07:50;2005-06-03T17:35
559;2005-06-06T07:39;2005-06-06T17:17
560;2005-06-07T10:06;2005-06-07T19:04
561;2005-06-08T11:41;2005-06-08T17:43
562;2005-06-09T07:40;2005-06-09T17:36
563;2005-06-10T05:59;2005-06-10T18:44
564;2005-06-13T10:25;2005-06-13T17:57
565;2005-06-14T12:41;2005-06-14T16:00
566;2005-06-15T11:52;2005-06-15T18:42
567;2005-06-16T06:26;2005-06-16T18:12
568;2005-06-17T09:11;2005-06-17T17:31
569;2005-06-20T10:43;2005-06-20T19:25
570;2005-06-21T06:53;2005-06-21T20:02
571;2005-06-22T12:49;2005-06-22T20:48
572;2005-06-23T11:08;2005-06-23T19:16
573;2005-06-24T10:22;2005-06-24T17:05
574;2005-06-27T08:06;2005-06-27T19:13
575;2005-06-28T06:37;2005-06-28T20:52
576;2005-06-29T05:12;2005-06-29T20:20
577;2005-06-30T09:32;2005-06-30T19:01
578;2005-07-01T10:01;2005-07-01T19:03
579;2005-07-04T10:22;2005-07-04T17:33
580;2005-07-05T07:49;2005-07-05T18:38
581;2005-07-06T09:43;2005-07-06T19:22
582;2005-07-07T08:00;2005-07-07T17:12
583;2005-07-08T05:04;2005-07-08T18:32
584;2005-07-11T05:50;2005-07-11T20:26
585;2005-07-12T05:21;2005-07-12T16:10
586;2005-07-13T10:25;2005-07-13T19:17
587;2005-07-14T12:49;2005-07-14T18:27
588;2005-07-15T05:49;2005-07-15T18:27
589;2005-07-18T11:54;2005-07-18T20:32
590;2005-07-19T09:11;2005-07-19T18:17
591;2005-07-20T08:57;2005-07-20T18:52
592;2005-07-21T09:13;2005-07-21T20:32
593;2005-07-22T11:54;2005-07-22T18:56
594;2005-07-25T10:04;2005-07-25T16:22
595;2005-07-26T07:59;2005-07-26T19:25
596;2005-07-27T06:09;2005-07-27T19:34
597;2005-07-28T05:43;2005-07-28T16:26
598;2005-07-29T09:53;2005-07-29T20:17
599;2005-08-01T10:21;2005-08-01T19:10
600;2005-08-02T05:38;2005-08-02T20:12
601;2005-08-03T05:28;2005-08-03T16:18
602;2005-08-04T11:21;2005-08-04T17:29
603;2005-08-05T07:20;2005-08-05T20:13
604;2005-08-08T11:24;2005-08-08T20:20
605;2005-08-09T12:40;2005-08-09T19:43
606;2005-08-10T10:49;2005-08-10T20:21
607;2005-08-11T08:40;2005-08-11T18:19
608;2005-08-12T05:52;2005-08-12T19:10
609;2005-08-15T09:46;2005-08-15T18:50
610;2005-08-16T07:45;2005-08-16T16:24
611;2005-08-17T12:16;2005-08-17T16:51
612;2005-08-18T07:36;2005-08-18T19:23
613;2005-08-19T11:45;2005-08-19T19:06
614;2005-08-22T08:16;2005-08-22T17:38
615;2005-08-23T10:40;2005-08-23T16:35
616;2005-08-24T06:09;2005-08-24T20:07
617;2005-08-25T07:28;2005-08-25T19:41
618;2005-08-26T07:13;2005-08-26T18:54
619;2005-08-29T07:02;2005-08-29T20:25
620;2005-08-30T06:42;2005-08-30T18:47
621;2005-08-31T10:49;2005-08-31T19:06
622;2005-09-01T05:30;2005-09-01T17:24
623;2005-09-02T07:34;2005-09-02T19:45
624;2005-09-05T07:20;2005-09-05T20:53
625;2005-09-06T10:50;2005-09-06T17:34
626;2005-09-07T08:09;2005-09-07T20:51
627;2005-09-08T12:14;2005-09-08T20:44
628;2005-09-09T12:18;2005-09-09T20:52
629;2005-09-12T11:55;2005-09-12T18:24
630;2005-09-13T09:27;2005-09-13T20:59
631;2005-09-14T07:43;2005-09-14T19:50
632;2005-09-15T06:58;2005-09-15T16:29
633;2005-09-16T06:36;2005-09-16T16:22
634;2005-09-19T12:29;2005-09-19T16:42
635;2005-09-20T12:17;2005-09-20T18:24
636;2005-09-21T11:00;2005-09-21T18:21
637;2005-09-22T06:14;2005-09-22T19:00
638;2005-09-23T11:17;2005-09-23T18:46
639;2005-09-26T08:31;2005-09-26T17:05
640;2005-09-27T05:22;2005-09-27T16:34
641;2005-09-28T11:24;2005-09-28T20:58
642;2005-09-29T07:57;2005-09-29T19:48
643;2005-09-30T12:04;2005-09-30T16:20
644;2005-10-03T11:10;2005-10-03T18:48
645;2005-10-04T10:39;2005-10-04T16:18
646;2005-10-05T07:03;2005-10-05T17:13
647;2005-10-06T05:52;2005-10-06T17:09
648;2005-10-07T07:59;2005-10-07T20:08
649;2005-10-10T05:07;2005-10-10T17:22
650;2005-10-11T07:37;2005-10-11T19:04
651;2005-10-12T09:38;2005-10-12T19:18
652;2005-10-13T10:10;2005-10-13T19:33
653;2005-10-14T11:15;2005-10-14T16:30
654;2005-10-17T08:50;2005-10-17T16:07
655;2005-10-18T05:20;2005-10-18T20:36
656;2005-10-19T10:55;2005-10-19T19:40
657;2005-10-20T12:33;2005-10-20T18:59
658;2005-10-21T08:24;2005-10-21T16:43
659;2005-10-24T07:29;2005-10-24T19:08
660;2005-10-25T10:52;2005-10-25T19:29
661;2005-10-26T09:55;2005-10-26T18:51
662;2005-10-27T11:54;2005-10-27T16:28
663;2005-10-28T09:16;2005-10-28T19:36
664;2005-10-31T07:41;2005-10-31T16:54
665;2005-11-01T09:26;2005-11-01T16:01
666;2005-11-02T10:36;2005-11-02T16:40
667;2005-11-03T10:16;2005-11-03T18:43
668;2005-11-04T10:52;2005-11-04T18:53
669;2005-11-07T10:07;2005-11-07T20:24
670;2005-11-08T07:05;2005-11-08T18:58
671;2005-11-09T09:39;2005-11-09T18:06
672;2005-11-10T07:49;2005-11-10T19:06
673;2005-11-11T12:34;2005-11-11T20:08
674;2005-11-14T11:45;2005-11-14T16:18
675;2005-11-15T09:38;2005-11-15T20:04
676;2005-11-16T07:09;2005-11-16T18:02
677;2005-11-17T07:35;2005-11-17T20:38
678;2005-11-18T09:20;2005-11-18T16:12
679;2005-11-21T08:58;2005-11-21T17:16
680;2005-11-22T05:02;2005-11-22T19:31
681;2005-11-23T05:26;2005-11-23T18:01
682;2005-11-24T05:39;2005-11-24T16:17
683;2005-11-25T09:29;2005-11-25T19:43
684;2005-11-28T10:46;2005-11-28T20:33
685;2005-11-29T05:57;2005-11-29T16:19
686;2005-11-30T07:19;2005-11-30T19:47
687;2005-12-01T08:28;2005-12-01T16:55
688;2005-12-02T11:55;2005-12-02T19:36
689;2005-12-05T11:16;2005-12-05T18:26
690;2005-12-06T07:54;2005-12-06T18:24
691;2005-12-07T07:32;2005-12-07T20:57
692;2005-12-08T11:14;2005-12-08T18:20
693;2005-12-09T10:55;2005-12-09T19:59
694;2005-12-12T08:38;2005-12-12T18:03
695;2005-12-13T05:45;2005-12-13T17:50
696;2005-12-14T11:15;2005-12-14T20:00
697;2005-12-15T10:25;2005-12-15T16:37
698;2005-12-16T07:53;2005-12-16T19:17
699;2005-12-19T07:23;2005-12-19T18:08
700;2005-12-20T06:41;2005-12-20T20:38
701;2005-12-21T08:30;2005-12-21T18:18
702;2005-12-22T06:31;2005-12-22T19:19
703;2005-12-23T08:24;2005-12-23T18:22
704;2005-12-26T11:12;2005-12-26T20:16
705;2005-12-27T09:30;2005-12-27T20:22
706;2005-12-28T12:37;2005-12-28T19:45
707;2005-12-29T09:08;2005-12-29T17:23
708;2005-12-30T11:35;2005-12-30T19:42
709;2006-01-02T07:56;2006-01-02T16:34
710;2006-01-03T07:40;2006-01-03T16:20
711;2006-01-04T07:19;2006-01-04T19:50
712;2006-01-05T10:13;2006-01-05T17:21
713;2006-01-06T05:49;2006-01-06T18:15
714;2006-01-09T05:14;2006-01-09T17:33
715;2006-01-10T07:36;2006-01-10T20:26
716;2006-01-11T11:53;2006-01-11T19:35
717;2006-01-12T12:38;2006-01-12T18:55
718;2006-01-13T09:29;2006-01-13T16:50
719;2006-01-16T06:42;2006-01-16T17:43
720;2006-01-17T10:54;2006-01-17T20:13
721;2006-01-18T11:56;2006-01-18T17:04
722;2006-01-19T08:58;2006-01-19T17:20
723;2006-01-20T09:59;2006-01-20T19:00
724;2006-01-23T06:19;2006-01-23T19:39
725;2006-01-24T05:13;2006-01-24T18:03
726;2006-01-25T05:06;2006-01-25T16:59
727;2006-01-26T10:02;2006-01-26T18:23
728;2006-01-27T07:45;2006-01-27T16:31
729;2006-01-30T08:00;2006-01-30T20:21
730;2006-01-31T10:03;2006-01-31T18:21
731;2006-02-01T08:54;2006-02-01T20:28
732;2006-02-02T05:56;2006-02-02T20:38
733;2006-02-03T12:41;2006-02-03T18:30
734;2006-02-06T05:42;2006-02-06T18:17
735;2006-02-07T10:29;2006-02-07T18:34
736;2006-02-08T06:09;2006-02-08T18:15
737;2006-02-09T08:40;2006-02-09T19:00
738;2006-02-10T05:14;2006-02-10T20:20
739;2006-02-13T11:11;2006-02-13T19:32
740;2006-02-14T08:12;2006-02-14T18:43
741;2006-02-15T12:02;2006-02-15T17:30
742;2006-02-16T07:49;2006-02-16T20:08
743;2006-02-17T09:53;2006-02-17T20:04
744;2006-02-20T10:49;2006-02-20T19:04
745;2006-02-21T07:51;2006-02-21T18:16
746;2006-02-22T05:13;2006-02-22T17:26
747;2006-02-23T10:37;2006-02-23T19:31
748;2006-02-24T05:28;2006-02-24T16:54
749;2006-02-27T12:31;2006-02-27T18:26
750;2006-02-28T06:56;2006-02-28T18:02
751;2006-03-01T07:27;2006-03-01T17:06
752;2006-03-02T05:39;2006-03-02T20:19
753;2006-03-03T12:48;2006-03-03T20:14
754;2006-03-06T11:50;2006-03-06T17:30
755;2006-03-07T09:46;2006-03-07T16:57
756;2006-03-08T05:23;2006-03-08T17:37
757;2006-03-09T09:40;2006-03-09T18:28
758;2006-03-10T08:06;2006-03-10T16:31
759;2006-03-13T05:24;2006-03-13T17:31
760;2006-03-14T09:58;2006-03-14T16:54
761;2006-03-15T06:30;2006-03-15T17:06
762;2006-03-16T05:05;2006-03-16T20:34
763;2006-03-17T09:46;2006-03-17T19:18
764;2006-03-20T12:36;2006-03-20T19:43
765;2006-03-21T12:55;2006-03-21T16:42
766;2006-03-22T07:41;2006-03-22T18:32
767;2006-03-23T06:41;2006-03-23T16:41
768;2006-03-24T08:23;2006-03-24T20:25
769;2006-03-27T11:28;2006-03-27T18:33
770;2006-03-28T07:45;2006-03-28T16:48
771;2006-03-29T05:29;2006-03-29T17:30
772;2006-03-30T07:16;2006-03-30T18:12
773;2006-03-31T07:01;2006-03-31T18:28
774;2006-04-03T07:45;2006-04-03T17:35
775;2006-04-04T08:22;2006-04-04T20:07
776;2006-04-05T05:19;2006-04-05T18:03
777;2006-04-06T07:32;2006-04-06T16:26
778;2006-04-07T10:52;2006-04-07T16:22
779;2006-04-10T10:32;2006-04-10T17:23
780;2006-04-11T07:55;2006-04-11T19:53
781;2006-04-12T07:29;2006-04-12T16:34
782;2006-04-13T06:30;2006-04-13T19:47
783;2006-04-14T05:11;2006-04-14T17:59
784;2006-04-17T10:27;2006-04-17T17:37
785;2006-04-18T09:57;2006-04-18T17:54
786;2006-04-19T05:04;2006-04-19T17:49
787;2006-04-20T11:58;2006-04-20T17:37
788;2006-04-21T12:23;2006-04-21T16:30
789;2006-04-24T12:00;2006-04-24T17:43
790;2006-04-25T05:50;2006-04-25T17:58
791;2006-04-26T12:57;2006-04-26T16:06
792;2006-04-27T09:20;2006-04-27T16:48
793;2006-04-28T07:12;2006-04-28T19:06
794;2006-05-01T12:43;2006-05-01T17:21
795;2006-05-02T06:11;2006-05-02T19:26
796;2006-05-03T05:31;2006-05-03T19:57
797;2006-05-04T10:36;2006-05-04T18:56
798;2006-05-05T05:56;2006-05-05T19:16
799;2006-05-08T09:34;2006-05-08T20:02
800;2006-05-09T06:45;2006-05-09T19:55
801;2006-05-10T10:11;2006-05-10T16:09
802;2006-05-11T09:37;2006-05-11T16:50
803;2006-05-12T11:02;2006-05-12T19:45
804;2006-05-15T06:47;2006-05-15T19:12
805;2006-05-16T06:36;2006-05-16T17:39
806;2006-05-17T10:54;2006-05-17T20:31
807;2006-05-18T09:23;2006-05-18T17:41
808;2006-05-19T10:01;2006-05-19T16:33
809;2006-05-22T06:41;2006-05-22T20:06
810;2006-05-23T09:37;2006-05-23T19:46
811;2006-05-24T07:53;2006-05-24T19:11
812;2006-05-25T10:49;2006-05-25T20:21
813;2006-05-26T07:55;2006-05-26T20:30
814;2006-05-29T10:26;2006-05-29T17:23
815;2006-05-30T09:25;2006-05-30T17:50
816;2006-05-31T09:37;2006-05-31T16:57
817;2006-06-01T10:33;2006-06-01T18:54
818;2006-06-02T08:35;2006-06-02T20:04
819;2006-06-05T07:09;2006-06-05T17:04
820;2006-06-06T05:54;2006-06-06T16:58
821;2006-06-07T06:58;2006-06-07T17:06
822;2006-06-08T09:32;2006-06-08T18:39
823;2006-06-09T08:11;2006-06-09T19:29
824;2006-06-12T11:55;2006-06-12T20:36
825;2006-06-13T12:40;2006-06-13T18:28
826;2006-06-14T05:06;2006-06-14T20:50
827;2006-06-15T08:27;2006-06-15T18:34
828;2006-06-16T08:15;2006-06-16T18:47
829;2006-06-19T12:29;2006-06-19T17:43
830;2006-06-20T09:20;2006-06-20T17:05
831;2006-06-21T07:36;2006-06-21T17:32
832;2006-06-22T08:53;2006-06-22T20:01
833;2006-06-23T10:45;2006-06-23T19:40
834;2006-06-26T05:49;2006-06-26T19:09
835;2006-06-27T06:20;2006-06-27T19:38
836;2006-06-28T10:02;2006-06-28T20:59
837;2006-06-29T07:29;2006-06-29T17:34
838;2006-06-30T07:10;2006-06-30T17:36
839;2006-07-03T11:39;2006-07-03T17:13
840;2006-07-04T05:03;2006-07-04T18:39
841;2006-07-05T12:28;2006-07-05T20:53
842;2006-07-06T12:38;2006-07-06T19:23
843;2006-07-07T11:10;2006-07-07T19:31
844;2006-07-10T05:07;2006-07-10T17:07
845;2006-07-11T05:32;2006-07-11T17:14
846;2006-07-12T12:45;2006-07-12T18:20
847;2006-07-13T10:09;2006-07-13T18:07
848;2006-07-14T08:21;2006-07-14T19:56
849;2006-07-17T05:21;2006-07-17T18:18
850;2006-07-18T07:05;2006-07-18T18:49
851;2006-07-19T09:57;2006-07-19T17:34
852;2006-07-20T07:37;2006-07-20T17:01
853;2006-07-21T09:39;2006-07-21T18:28
854;2006-07-24T08:23;2006-07-24T19:53
855;2006-07-25T06:17;2006-07-25T16:22
856;2006-07-26T06:16;2006-07-26T19:19
857;2006-07-27T07:38;2006-07-27T19:14
858;2006-07-28T11:11;2006-07-28T16:35
859;2006-07-31T10:12;2006-07-31T17:18
860;2006-08-01T08:30;2006-08-01T19:57
861;2006-08-02T11:56;2006-08-02T16:53
862;2006-08-03T06:18;2006-08-03T18:04
863;2006-08-04T10:29;2006-08-04T18:54
864;2006-08-07T09:29;2006-08-07T20:54
865;2006-08-08T12:46;2006-08-08T19:03
866;2006-08-09T09:10;2006-08-09T19:18
867;2006-08-10T10:45;2006-08-10T18:16
868;2006-08-11T08:31;2006-08-11T20:37
869;2006-08-14T12:50;2006-08-14T19:58
870;2006-08-15T06:06;2006-08-15T18:31
871;2006-08-16T08:04;2006-08-16T16:44
872;2006-08-17T10:46;2006-08-17T17:36
873;2006-08-18T12:33;2006-08-18T20:43
874;2006-08-21T06:25;2006-08-21T16:10
875;2006-08-22T12:33;2006-08-22T18:37
876;2006-08-23T12:02;2006-08-23T16:49
877;2006-08-24T08:00;2006-08-24T16:29
878;2006-08-25T08:26;2006-08-25T17:15
879;2006-08-28T06:46;2006-08-28T18:59
880;2006-08-29T12:18;2006-08-29T17:23
881;2006-08-30T09:28;2006-08-30T19:53
882;2006-08-31T10:21;2006-08-31T17:45
883;2006-09-01T05:12;2006-09-01T19:38
884;2006-09-04T09:46;2006-09-04T16:03
885;2006-09-05T08:26;2006-09-05T18:38
886;2006-09-06T10:34;2006-09-06T20:52
887;2006-09-07T08:06;2006-09-07T18:18
888;2006-09-08T10:39;2006-09-08T20:12
889;2006-09-11T06:33;2006-09-11T18:42
890;2006-09-12T12:59;2006-09-12T20:48
891;2006-09-13T07:59;2006-09-13T20:20
892;2006-09-14T07:52;2006-09-14T18:18
893;2006-09-15T08:40;2006-09-15T18:04
894;2006-09-18T05:22;2006-09-18T16:21
895;2006-09-19T06:46;2006-09-19T16:15
896;2006-09-20T07:51;2006-09-20T20:03
897;2006-09-21T11:36;2006-09-21T16:12
898;2006-09-22T09:03;2006-09-22T20:23
899;2006-09-25T12:05;2006-09-25T19:46
900;2006-09-26T09:35;2006-09-26T17:54
901;2006-09-27T09:06;2006-09-27T19:24
902;2006-09-28T09:37;2006-09-28T19:06
903;2006-09-29T11:26;2006-09-29T16:42
904;2006-10-02T09:27;2006-10-02T20:29
905;2006-10-03T12:20;2006-10-03T17:17
906;2006-10-04T08:25;2006-10-04T19:48
907;2006-10-05T09:27;2006-10-05T20:09
908;2006-10-06T05:26;2006-10-06T16:13
909;2006-10-09T10:39;2006-10-09T17:32
910;2006-10-10T10:02;2006-10-10T17:51
911;2006-10-11T12:18;2006-10-11T20:37
912;2006-10-12T10:02;2006-10-12T19:09
913;2006-10-13T09:49;2006-10-13T17:13
914;2006-10-16T06:56;2006-10-16T16:09
915;2006-10-17T09:20;2006-10-17T16:47
916;2006-10-18T11:44;2006-10-18T17:56
917;2006-10-19T11:52;2006-10-19T19:53
918;2006-10-20T12:54;2006-10-20T16:45
919;2006-10-23T11:08;2006-10-23T20:52
920;2006-10-24T07:06;2006-10-24T16:21
921;2006-10-25T11:38;2006-10-25T19:30
922;2006-10-26T05:05;2006-10-26T19:52
923;2006-10-27T11:47;2006-10-27T20:34
924;2006-10-30T11:48;2006-10-30T18:02
925;2006-10-31T05:09;2006-10-31T16:52
926;2006-11-01T09:13;2006-11-01T16:04
927;2006-11-02T06:43;2006-11-02T16:21
928;2006-11-03T11:02;2006-11-03T17:23
929;2006-11-06T08:49;2006-11-06T19:23
930;2006-11-07T05:30;2006-11-07T18:42
931;2006-11-08T11:52;2006-11-08T19:57
932;2006-11-09T06:05;2006-11-09T16:00
933;2006-11-10T09:13;2006-11-10T20:21
934;2006-11-13T08:13;2006-11-13T18:27
935;2006-11-14T08:07;2006-11-14T19:49
936;2006-11-15T09:13;2006-11-15T18:26
937;2006-11-16T10:33;2006-11-16T17:25
938;2006-11-17T06:29;2006-11-17T18:55
939;2006-11-20T10:12;2006-11-20T19:29
940;2006-11-21T09:09;2006-11-21T16:31
941;2006-11-22T06:20;2006-11-22T18:01
942;2006-11-23T09:43;2006-11-23T16:21
943;2006-11-24T06:38;2006-11-24T18:48
944;2006-11-27T07:33;2006-11-27T19:07
945;2006-11-28T08:04;2006-11-28T18:11
946;2006-11-29T06:37;2006-11-29T19:37
947;2006-11-30T07:03;2006-11-30T19:17
948;2006-12-01T09:43;2006-12-01T20:14
949;2006-12-04T11:36;2006-12-04T17:38
950;2006-12-05T09:32;2006-12-05T16:45
951;2006-12-06T05:15;2006-12-06T19:28
952;2006-12-07T10:28;2006-12-07T16:22
953;2006-12-08T05:33;2006-12-08T18:30
954;2006-12-11T07:53;2006-12-11T16:06
955;2006-12-12T12:55;2006-12-12T16:44
956;2006-12-13T11:29;2006-12-13T20:40
957;2006-12-14T11:55;2006-12-14T17:50
958;2006-12-15T07:34;2006-12-15T16:19
959;2006-12-18T05:01;2006-12-18T19:43
960;2006-12-19T11:35;2006-12-19T19:29
961;2006-12-20T10:27;2006-12-20T19:12
962;2006-12-21T11:05;2006-12-21T18:36
963;2006-12-22T06:31;2006-12-22T18:16
964;2006-12-25T08:58;2006-12-25T19:24
965;2006-12-26T05:59;2006-12-26T18:29
966;2006-12-27T07:50;2006-12-27T17:09
967;2006-12-28T09:27;2006-12-28T20:44
968;2006-12-29T05:32;2006-12-29T17:40
969;2007-01-01T11:03;2007-01-01T16:13
970;2007-01-02T09:06;2007-01-02T20:43
971;2007-01-03T12:37;2007-01-03T20:16
972;2007-01-04T05:04;2007-01-04T16:44
973;2007-01-05T06:33;2007-01-05T18:27
974;2007-01-08T05:27;2007-01-08T19:07
975;2007-01-09T06:14;2007-01-09T17:39
976;2007-01-10T10:39;2007-01-10T19:15
977;2007-01-11T07:03;2007-01-11T20:23
978;2007-01-12T10:07;2007-01-12T18:57
979;2007-01-15T07:36;2007-01-15T18:50
980;2007-01-16T05:52;2007-01-16T16:57
981;2007-01-17T06:31;2007-01-17T17:33
982;2007-01-18T08:39;2007-01-18T20:48
983;2007-01-19T06:22;2007-01-19T16:27
984;2007-01-22T06:31;2007-01-22T16:53
985;2007-01-23T10:20;2007-01-23T19:51
986;2007-01-24T11:05;2007-01-24T17:29
987;2007-01-25T11:54;2007-01-25T19:34
988;2007-01-26T05:19;2007-01-26T18:09
989;2007-01-29T05:33;2007-01-29T16:46
990;2007-01-30T05:02;2007-01-30T16:22
991;2007-01-31T12:12;2007-01-31T20:34
992;2007-02-01T07:59;2007-02-01T17:47
993;2007-02-02T07:50;2007-02-02T19:20
994;2007-02-05T10:00;2007-02-05T19:02
995;2007-02-06T06:12;2007-02-06T19:18
996;2007-02-07T09:05;2007-02-07T20:56
997;2007-02-08T08:20;2007-02-08T19:07
998;2007-02-09T12:58;2007-02-09T16:36
999;2007-02-12T09:19;2007-02-12T18:23
1000;2007-02-13T07:55;2007-02-13T18:00
1001;2007-02-14T08:40;2007-02-14T19:34
1002;2007-02-15T06:48;2007-02-15T19:22
1003;2007-02-16T11:18;2007-02-16T16:10
1004;2007-02-19T10:43;2007-02-19T18:00
1005;2007-02-20T12:15;2007-02-20T17:06
1006;2007-02-21T07:25;2007-02-21T18:45
1007;2007-02-22T10:26;2007-02-22T17:05
1008;2007-02-23T09:11;2007-02-23T16:45
1009;2007-02-26T10:30;2007-02-26T20:54
1010;2007-02-27T10:18;2007-02-27T19:57
1011;2007-02-28T09:22;2007-02-28T20:24
1012;2007-03-01T09:03;2007-03-01T17:19
1013;2007-03-02T10:36;2007-03-02T17:23
1014;2007-03-05T09:43;2007-03-05T20:07
1015;2007-03-06T07:00;2007-03-06T18:06
1016;2007-03-07T05:22;2007-03-07T16:10
1017;2007-03-08T09:28;2007-03-08T16:36
1018;2007-03-09T11:21;2007-03-09T17:47
1019;2007-03-12T08:09;2007-03-12T16:42
1020;2007-03-13T08:17;2007-03-13T19:52
1021;2007-03-14T05:07;2007-03-14T18:45
1022;2007-03-15T06:38;2007-03-15T16:14
1023;2007-03-16T09:16;2007-03-16T20:35
1024;2007-03-19T12:25;2007-03-19T16:28
1025;2007-03-20T05:29;2007-03-20T19:11
1026;2007-03-21T05:37;2007-03-21T17:01
1027;2007-03-22T08:57;2007-03-22T17:43
1028;2007-03-23T12:58;2007-03-23T20:40
1029;2007-03-26T05:36;2007-03-26T16:47
1030;2007-03-27T05:40;2007-03-27T20:47
1031;2007-03-28T11:35;2007-03-28T19:08
1032;2007-03-29T09:34;2007-03-29T18:22
1033;2007-03-30T05:12;2007-03-30T17:12
1034;2007-04-02T09:10;2007-04-02T19:34
1035;2007-04-03T10:39;2007-04-03T20:00
1036;2007-04-04T06:43;2007-04-04T18:41
1037;2007-04-05T06:53;2007-04-05T17:00
1038;2007-04-06T06:42;2007-04-06T18:30
1039;2007-04-09T09:32;2007-04-09T19:53
1040;2007-04-10T05:17;2007-04-10T20:04
1041;2007-04-11T05:33;2007-04-11T19:16
1042;2007-04-12T09:30;2007-04-12T17:37
1043;2007-04-13T11:32;2007-04-13T16:16
1044;2007-04-16T12:00;2007-04-16T20:21
1045;2007-04-17T05:41;2007-04-17T18:06
1046;2007-04-18T07:05;2007-04-18T19:31
1047;2007-04-19T05:00;2007-04-19T17:53
1048;2007-04-20T05:13;2007-04-20T18:07
1049;2007-04-23T08:19;2007-04-23T20:23
1050;2007-04-24T12:18;2007-04-24T17:52
1051;2007-04-25T11:02;2007-04-25T17:49
1052;2007-04-26T11:50;2007-04-26T18:22
1053;2007-04-27T10:17;2007-04-27T16:50
1054;2007-04-30T06:00;2007-04-30T18:46
1055;2007-05-01T06:49;2007-05-01T19:33
1056;2007-05-02T12:40;2007-05-02T20:13
1057;2007-05-03T07:19;2007-05-03T17:26
1058;2007-05-04T12:02;2007-05-04T19:02
1059;2007-05-07T05:15;2007-05-07T16:35
1060;2007-05-08T11:44;2007-05-08T19:27
1061;2007-05-09T11:54;2007-05-09T18:18
1062;2007-05-10T10:17;2007-05-10T20:28
1063;2007-05-11T07:23;2007-05-11T19:59
1064;2007-05-14T08:29;2007-05-14T17:22
1065;2007-05-15T07:01;2007-05-15T16:52
1066;2007-05-16T05:52;2007-05-16T18:39
1067;2007-05-17T06:39;2007-05-17T19:01
1068;2007-05-18T08:00;2007-05-18T19:48
1069;2007-05-21T05:06;2007-05-21T16:46
1070;2007-05-22T11:23;2007-05-22T19:23
1071;2007-05-23T05:55;2007-05-23T18:01
1072;2007-05-24T09:24;2007-05-24T19:03
1073;2007-05-25T12:25;2007-05-25T20:10
1074;2007-05-28T06:20;2007-05-28T19:40
1075;2007-05-29T06:00;2007-05-29T18:47
1076;2007-05-30T12:59;2007-05-30T17:27
1077;2007-05-31T05:23;2007-05-31T17:28
1078;2007-06-01T06:22;2007-06-01T17:53
1079;2007-06-04T12:12;2007-06-04T16:40
1080;2007-06-05T05:39;2007-06-05T16:08
1081;2007-06-06T07:32;2007-06-06T18:49
1082;2007-06-07T10:20;2007-06-07T20:22
1083;2007-06-08T10:54;2007-06-08T20:29
1084;2007-06-11T05:57;2007-06-11T20:06
1085;2007-06-12T12:43;2007-06-12T19:25
1086;2007-06-13T09:01;2007-06-13T18:20
1087;2007-06-14T05:35;2007-06-14T19:24
1088;2007-06-15T08:10;2007-06-15T20:37
1089;2007-06-18T06:23;2007-06-18T16:57
1090;2007-06-19T06:23;2007-06-19T20:40
1091;2007-06-20T12:32;2007-06-20T19:38
1092;2007-06-21T12:37;2007-06-21T16:57
1093;2007-06-22T08:07;2007-06-22T16:57
1094;2007-06-25T10:18;2007-06-25T20:25
1095;2007-06-26T11:50;2007-06-26T19:21
1096;2007-06-27T06:02;2007-06-27T20:32
1097;2007-06-28T09:29;2007-06-28T19:03
1098;2007-06-29T12:31;2007-06-29T19:55
1099;2007-07-02T06:19;2007-07-02T19:41
1100;2007-07-03T11:22;2007-07-03T20:24
1101;2007-07-04T07:06;2007-07-04T18:31
1102;2007-07-05T08:00;2007-07-05T18:24
1103;2007-07-06T10:35;2007-07-06T19:16
1104;2007-07-09T08:10;2007-07-09T19:18
1105;2007-07-10T05:41;2007-07-10T20:46
1106;2007-07-11T09:59;2007-07-11T17:59
1107;2007-07-12T11:59;2007-07-12T17:11
1108;2007-07-13T12:42;2007-07-13T16:11
1109;2007-07-16T05:56;2007-07-16T16:30
1110;2007-07-17T06:47;2007-07-17T17:35
1111;2007-07-18T11:00;2007-07-18T18:53
1112;2007-07-19T08:55;2007-07-19T20:30
1113;2007-07-20T05:02;2007-07-20T20:16
1114;2007-07-23T12:05;2007-07-23T19:25
1115;2007-07-24T08:16;2007-07-24T18:52
1116;2007-07-25T07:35;2007-07-25T19:57
1117;2007-07-26T06:47;2007-07-26T19:23
1118;2007-07-27T09:25;2007-07-27T20:47
1119;2007-07-30T05:45;2007-07-30T16:16
1120;2007-07-31T06:57;2007-07-31T16:53
1121;2007-08-01T10:11;2007-08-01T17:51
1122;2007-08-02T07:38;2007-08-02T19:06
1123;2007-08-03T11:59;2007-08-03T17:51
1124;2007-08-06T12:14;2007-08-06T19:20
1125;2007-08-07T09:04;2007-08-07T16:54
1126;2007-08-08T08:21;2007-08-08T19:48
1127;2007-08-09T08:07;2007-08-09T19:09
1128;2007-08-10T09:24;2007-08-10T17:20
1129;2007-08-13T11:53;2007-08-13T18:59
1130;2007-08-14T09:43;2007-08-14T19:35
1131;2007-08-15T08:15;2007-08-15T20:18
1132;2007-08-16T09:12;2007-08-16T16:20
1133;2007-08-17T10:47;2007-08-17T17:35
1134;2007-08-20T12:43;2007-08-20T19:48
1135;2007-08-21T09:10;2007-08-21T18:02
1136;2007-08-22T08:31;2007-08-22T18:35
1137;2007-08-23T09:24;2007-08-23T17:44
1138;2007-08-24T06:00;2007-08-24T18:32
1139;2007-08-27T07:36;2007-08-27T16:26
1140;2007-08-28T08:51;2007-08-28T20:00
1141;2007-08-29T07:50;2007-08-29T19:50
1142;2007-08-30T06:58;2007-08-30T20:54
1143;2007-08-31T09:43;2007-08-31T20:27
1144;2007-09-03T06:00;2007-09-03T17:53
1145;2007-09-04T05:05;2007-09-04T19:03
1146;2007-09-05T10:22;2007-09-05T19:19
1147;2007-09-06T07:44;2007-09-06T19:52
1148;2007-09-07T09:43;2007-09-07T16:56
1149;2007-09-10T12:07;2007-09-10T19:34
1150;2007-09-11T09:13;2007-09-11T20:59
1151;2007-09-12T11:00;2007-09-12T16:46
1152;2007-09-13T12:40;2007-09-13T20:06
1153;2007-09-14T08:04;2007-09-14T18:57
1154;2007-09-17T12:45;2007-09-17T19:52
1155;2007-09-18T06:11;2007-09-18T16:23
1156;2007-09-19T06:52;2007-09-19T19:42
1157;2007-09-20T10:57;2007-09-20T20:35
1158;2007-09-21T09:43;2007-09-21T19:38
1159;2007-09-24T06:22;2007-09-24T18:39
1160;2007-09-25T11:22;2007-09-25T16:45
1161;2007-09-26T10:35;2007-09-26T18:22
1162;2007-09-27T09:59;2007-09-27T16:00
1163;2007-09-28T11:21;2007-09-28T17:47
1164;2007-10-01T10:18;2007-10-01T17:00
1165;2007-10-02T12:53;2007-10-02T18:59
1166;2007-10-03T10:39;2007-10-03T20:56
1167;2007-10-04T07:40;2007-10-04T17:28
1168;2007-10-05T08:54;2007-10-05T19:02
1169;2007-10-08T11:49;2007-10-08T18:59
1170;2007-10-09T07:26;2007-10-09T16:31
1171;2007-10-10T11:46;2007-10-10T17:21
1172;2007-10-11T10:10;2007-10-11T17:35
1173;2007-10-12T05:57;2007-10-12T18:34
1174;2007-10-15T12:23;2007-10-15T18:53
1175;2007-10-16T06:45;2007-10-16T20:17
1176;2007-10-17T05:55;2007-10-17T17:31
1177;2007-10-18T09:02;2007-10-18T20:50
1178;2007-10-19T11:06;2007-10-19T18:05
1179;2007-10-22T05:34;2007-10-22T17:56
1180;2007-10-23T07:37;2007-10-23T18:11
1181;2007-10-24T09:19;2007-10-24T18:26
1182;2007-10-25T07:32;2007-10-25T17:10
1183;2007-10-26T08:17;2007-10-26T19:27
1184;2007-10-29T05:23;2007-10-29T18:20
1185;2007-10-30T12:45;2007-10-30T17:40
1186;2007-10-31T12:57;2007-10-31T16:27
1187;2007-11-01T12:04;2007-11-01T20:27
1188;2007-11-02T09:31;2007-11-02T18:58
1189;2007-11-05T08:09;2007-11-05T19:01
1190;2007-11-06T08:35;2007-11-06T20:37
1191;2007-11-07T09:52;2007-11-07T17:12
1192;2007-11-08T06:23;2007-11-08T16:42
1193;2007-11-09T11:44;2007-11-09T20:54
1194;2007-11-12T11:37;2007-11-12T18:18
1195;2007-11-13T06:01;2007-11-13T16:15
1196;2007-11-14T07:06;2007-11-14T17:42
1197;2007-11-15T07:18;2007-11-15T20:03
1198;2007-11-16T11:51;2007-11-16T20:38
1199;2007-11-19T07:04;2007-11-19T16:38
1200;2007-11-20T11:31;2007-11-20T19:28
1201;2007-11-21T08:55;2007-11-21T17:08
1202;2007-11-22T05:25;2007-11-22T18:09
1203;2007-11-23T07:33;2007-11-23T18:33
1204;2007-11-26T06:50;2007-11-26T19:05
1205;2007-11-27T06:37;2007-11-27T18:26
1206;2007-11-28T07:02;2007-11-28T16:42
1207;2007-11-29T07:58;2007-11-29T19:47
1208;2007-11-30T10:29;2007-11-30T18:58
1209;2007-12-03T10:10;2007-12-03T17:47
1210;2007-12-04T11:06;2007-12-04T19:41
1211;2007-12-05T08:38;2007-12-05T17:54
1212;2007-12-06T11:37;2007-12-06T19:11
1213;2007-12-07T09:04;2007-12-07T18:28
1214;2007-12-10T10:43;2007-12-10T19:22
1215;2007-12-11T07:08;2007-12-11T19:26
1216;2007-12-12T12:08;2007-12-12T19:49
1217;2007-12-13T05:53;2007-12-13T18:25
1218;2007-12-14T12:13;2007-12-14T17:00
1219;2007-12-17T07:26;2007-12-17T19:47
1220;2007-12-18T11:01;2007-12-18T18:03
1221;2007-12-19T08:29;2007-12-19T18:54
1222;2007-12-20T11:32;2007-12-20T20:41
1223;2007-12-21T06:45;2007-12-21T18:05
1224;2007-12-24T10:53;2007-12-24T20:57
1225;2007-12-25T09:55;2007-12-25T17:05
1226;2007-12-26T06:17;2007-12-26T16:47
1227;2007-12-27T09:18;2007-12-27T20:03
1228;2007-12-28T12:00;2007-12-28T16:26
1229;2007-12-31T07:29;2007-12-31T16:11
1230;2008-01-01T10:56;2008-01-01T19:01
1231;2008-01-02T11:39;2008-01-02T19:45
1232;2008-01-03T06:47;2008-01-03T19:17
1233;2008-01-04T09:14;2008-01-04T18:03
1234;2008-01-07T12:22;2008-01-07T18:09
1235;2008-01-08T08:15;2008-01-08T17:21
1236;2008-01-09T06:35;2008-01-09T16:16
1237;2008-01-10T11:13;2008-01-10T16:56
1238;2008-01-11T09:06;2008-01-11T17:07
1239;2008-01-14T11:09;2008-01-14T18:12
1240;2008-01-15T10:13;2008-01-15T17:03
1241;2008-01-16T07:52;2008-01-16T17:55
1242;2008-01-17T09:59;2008-01-17T19:07
1243;2008-01-18T06:09;2008-01-18T17:35
1244;2008-01-21T09:41;2008-01-21T16:34
1245;2008-01-22T06:33;2008-01-22T20:29
1246;2008-01-23T07:16;2008-01-23T16:47
1247;2008-01-24T11:31;2008-01-24T16:13
1248;2008-01-25T07:15;2008-01-25T19:04
1249;2008-01-28T05:21;2008-01-28T19:32
1250;2008-01-29T09:06;2008-01-29T16:36
1251;2008-01-30T11:20;2008-01-30T17:57
1252;2008-01-31T09:25;2008-01-31T20:58
1253;2008-02-01T09:44;2008-02-01T16:01
1254;2008-02-04T09:49;2008-02-04T20:21
1255;2008-02-05T12:34;2008-02-05T18:07
1256;2008-02-06T12:40;2008-02-06T17:50
1257;2008-02-07T05:15;2008-02-07T20:35
1258;2008-02-08T07:47;2008-02-08T20:26
1259;2008-02-11T08:27;2008-02-11T18:54
1260;2008-02-12T06:47;2008-02-12T19:19
1261;2008-02-13T10:04;2008-02-13T19:30
1262;2008-02-14T05:43;2008-02-14T20:53
1263;2008-02-15T08:22;2008-02-15T16:08
1264;2008-02-18T11:00;2008-02-18T17:46
1265;2008-02-19T05:38;2008-02-19T16:47
1266;2008-02-20T10:16;2008-02-20T19:25
1267;2008-02-21T12:38;2008-02-21T17:43
1268;2008-02-22T09:04;2008-02-22T18:37
1269;2008-02-25T12:04;2008-02-25T16:06
1270;2008-02-26T06:09;2008-02-26T20:59
1271;2008-02-27T09:10;2008-02-27T20:49
1272;2008-02-28T09:54;2008-02-28T20:41
1273;2008-02-29T08:55;2008-02-29T18:40
1274;2008-03-03T10:59;2008-03-03T18:17
1275;2008-03-04T12:24;2008-03-04T17:09
1276;2008-03-05T05:38;2008-03-05T16:45
1277;2008-03-06T09:40;2008-03-06T19:54
1278;2008-03-07T06:13;2008-03-07T20:20
1279;2008-03-10T11:03;2008-03-10T16:47
1280;2008-03-11T08:56;2008-03-11T20:11
1281;2008-03-12T08:45;2008-03-12T16:11
1282;2008-03-13T09:01;2008-03-13T20:39
1283;2008-03-14T11:41;2008-03-14T18:15
1284;2008-03-17T09:11;2008-03-17T19:52
1285;2008-03-18T06:50;2008-03-18T19:25
1286;2008-03-19T08:47;2008-03-19T17:50
1287;2008-03-20T06:04;2008-03-20T17:58
1288;2008-03-21T07:46;2008-03-21T20:07
1289;2008-03-24T09:00;2008-03-24T16:44
1290;2008-03-25T09:58;2008-03-25T19:03
1291;2008-03-26T09:20;2008-03-26T16:55
1292;2008-03-27T12:49;2008-03-27T16:01
1293;2008-03-28T11:47;2008-03-28T18:39
1294;2008-03-31T05:24;2008-03-31T17:09
1295;2008-04-01T09:24;2008-04-01T16:22
1296;2008-04-02T12:28;2008-04-02T16:23
1297;2008-04-03T11:44;2008-04-03T17:41
1298;2008-04-04T11:13;2008-04-04T19:38
1299;2008-04-07T05:50;2008-04-07T18:00
1300;2008-04-08T12:43;2008-04-08T16:24
1301;2008-04-09T09:01;2008-04-09T18:19
1302;2008-04-10T05:08;2008-04-10T19:25
1303;2008-04-11T05:36;2008-04-11T19:02
1304;2008-04-14T12:05;2008-04-14T17:19
1305;2008-04-15T12:34;2008-04-15T19:57
1306;2008-04-16T05:54;2008-04-16T19:36
1307;2008-04-17T09:15;2008-04-17T20:56
1308;2008-04-18T05:39;2008-04-18T17:27
1309;2008-04-21T08:12;2008-04-21T20:44
1310;2008-04-22T12:35;2008-04-22T16:13
1311;2008-04-23T09:05;2008-04-23T18:05
1312;2008-04-24T06:30;2008-04-24T17:35
1313;2008-04-25T07:41;2008-04-25T20:38
1314;2008-04-28T07:58;2008-04-28T19:50
1315;2008-04-29T10:40;2008-04-29T19:32
1316;2008-04-30T10:29;2008-04-30T18:37
1317;2008-05-01T05:07;2008-05-01T20:08
1318;2008-05-02T09:55;2008-05-02T20:00
1319;2008-05-05T05:54;2008-05-05T20:26
1320;2008-05-06T05:36;2008-05-06T17:33
1321;2008-05-07T09:40;2008-05-07T20:03
1322;2008-05-08T12:44;2008-05-08T20:48
1323;2008-05-09T07:57;2008-05-09T16:14
1324;2008-05-12T08:18;2008-05-12T19:20
1325;2008-05-13T08:00;2008-05-13T17:39
1326;2008-05-14T12:37;2008-05-14T18:01
1327;2008-05-15T12:39;2008-05-15T16:57
1328;2008-05-16T07:43;2008-05-16T18:25
1329;2008-05-19T07:48;2008-05-19T16:04
1330;2008-05-20T11:05;2008-05-20T18:54
1331;2008-05-21T10:28;2008-05-21T20:36
1332;2008-05-22T11:42;2008-05-22T19:35
1333;2008-05-23T05:02;2008-05-23T18:54
1334;2008-05-26T12:50;2008-05-26T18:02
1335;2008-05-27T09:31;2008-05-27T16:01
1336;2008-05-28T09:53;2008-05-28T17:35
1337;2008-05-29T08:06;2008-05-29T17:38
1338;2008-05-30T07:03;2008-05-30T16:21
1339;2008-06-02T09:38;2008-06-02T20:20
1340;2008-06-03T05:40;2008-06-03T18:29
1341;2008-06-04T05:39;2008-06-04T20:53
1342;2008-06-05T10:16;2008-06-05T16:04
1343;2008-06-06T09:28;2008-06-06T19:53
1344;2008-06-09T10:12;2008-06-09T16:49
1345;2008-06-10T11:09;2008-06-10T19:40
1346;2008-06-11T08:32;2008-06-11T20:20
1347;2008-06-12T06:48;2008-06-12T18:36
1348;2008-06-13T06:42;2008-06-13T19:52
1349;2008-06-16T08:37;2008-06-16T18:52
1350;2008-06-17T07:14;2008-06-17T16:15
1351;2008-06-18T08:42;2008-06-18T17:14
1352;2008-06-19T09:31;2008-06-19T18:08
1353;2008-06-20T06:00;2008-06-20T17:18
1354;2008-06-23T11:42;2008-06-23T20:41
1355;2008-06-24T09:38;2008-06-24T20:06
1356;2008-06-25T08:28;2008-06-25T19:41
1357;2008-06-26T09:32;2008-06-26T18:11
1358;2008-06-27T07:33;2008-06-27T19:23
1359;2008-06-30T10:46;2008-06-30T17:22
1360;2008-07-01T12:17;2008-07-01T20:20
1361;2008-07-02T11:47;2008-07-02T17:55
1362;2008-07-03T05:49;2008-07-03T16:29
1363;2008-07-04T06:58;2008-07-04T18:22
1364;2008-07-07T06:39;2008-07-07T17:52
1365;2008-07-08T06:00;2008-07-08T18:49
1366;2008-07-09T09:45;2008-07-09T19:45
1367;2008-07-10T07:26;2008-07-10T18:52
1368;2008-07-11T11:30;2008-07-11T19:28
1369;2008-07-14T12:40;2008-07-14T16:03
1370;2008-07-15T10:24;2008-07-15T17:51
1371;2008-07-16T10:03;2008-07-16T19:30
1372;2008-07-17T07:33;2008-07-17T19:11
1373;2008-07-18T10:54;2008-07-18T16:05
1374;2008-07-21T08:48;2008-07-21T17:45
1375;2008-07-22T07:55;2008-07-22T17:25
1376;2008-07-23T10:34;2008-07-23T19:50
1377;2008-07-24T08:27;2008-07-24T20:11
1378;2008-07-25T05:09;2008-07-25T16:01
1379;2008-07-28T10:36;2008-07-28T19:40
1380;2008-07-29T11:35;2008-07-29T17:29
1381;2008-07-30T06:07;2008-07-30T17:28
1382;2008-07-31T08:44;2008-07-31T16:46
1383;2008-08-01T05:25;2008-08-01T16:12
1384;2008-08-04T11:46;2008-08-04T19:45
1385;2008-08-05T11:55;2008-08-05T17:43
1386;2008-08-06T10:05;2008-08-06T19:56
1387;2008-08-07T06:02;2008-08-07T20:02
1388;2008-08-08T10:01;2008-08-08T18:46
1389;2008-08-11T06:41;2008-08-11T17:30
1390;2008-08-12T10:07;2008-08-12T18:33
1391;2008-08-13T08:10;2008-08-13T17:01
1392;2008-08-14T10:24;2008-08-14T16:36
1393;2008-08-15T10:39;2008-08-15T20:11
1394;2008-08-18T09:30;2008-08-18T19:22
1395;2008-08-19T10:19;2008-08-19T20:33
1396;2008-08-20T08:54;2008-08-20T18:39
1397;2008-08-21T07:18;2008-08-21T20:32
1398;2008-08-22T07:36;2008-08-22T19:50
1399;2008-08-25T12:47;2008-08-25T18:20
1400;2008-08-26T08:25;2008-08-26T20:21
1401;2008-08-27T05:23;2008-08-27T19:04
1402;2008-08-28T10:31;2008-08-28T20:00
1403;2008-08-29T11:48;2008-08-29T17:36
1404;2008-09-01T12:01;2008-09-01T18:47
1405;2008-09-02T05:30;2008-09-02T16:13
1406;2008-09-03T12:46;2008-09-03T19:46
1407;2008-09-04T05:40;2008-09-04T20:06
1408;2008-09-05T12:01;2008-09-05T20:58
1409;2008-09-08T05:53;2008-09-08T20:02
1410;2008-09-09T06:48;2008-09-09T17:26
1411;2008-09-10T08:51;2008-09-10T16:29
1412;2008-09-11T12:55;2008-09-11T17:52
1413;2008-09-12T11:58;2008-09-12T18:19
1414;2008-09-15T08:50;2008-09-15T18:43
1415;2008-09-16T11:38;2008-09-16T20:42
1416;2008-09-17T11:10;2008-09-17T20:17
1417;2008-09-18T11:07;2008-09-18T18:39
1418;2008-09-19T12:05;2008-09-19T16:09
1419;2008-09-22T06:18;2008-09-22T18:06
1420;2008-09-23T09:18;2008-09-23T19:13
1421;2008-09-24T09:01;2008-09-24T19:58
1422;2008-09-25T11:07;2008-09-25T18:36
1423;2008-09-26T07:25;2008-09-26T19:30
1424;2008-09-29T10:06;2008-09-29T18:30
1425;2008-09-30T08:53;2008-09-30T17:22
1426;2008-10-01T09:41;2008-10-01T20:36
1427;2008-10-02T09:04;2008-10-02T17:04
1428;2008-10-03T08:23;2008-10-03T20:23
1429;2008-10-06T05:01;2008-10-06T17:44
1430;2008-10-07T11:08;2008-10-07T19:22
1431;2008-10-08T08:21;2008-10-08T19:41
1432;2008-10-09T12:32;2008-10-09T16:55
1433;2008-10-10T11:16;2008-10-10T17:42
1434;2008-10-13T05:46;2008-10-13T17:15
1435;2008-10-14T11:26;2008-10-14T18:12
1436;2008-10-15T06:39;2008-10-15T16:13
1437;2008-10-16T08:14;2008-10-16T18:12
1438;2008-10-17T09:58;2008-10-17T17:39
1439;2008-10-20T08:11;2008-10-20T20:32
1440;2008-10-21T07:06;2008-10-21T17:12
1441;2008-10-22T07:49;2008-10-22T17:46
1442;2008-10-23T11:11;2008-10-23T20:35
1443;2008-10-24T08:33;2008-10-24T17:56
1444;2008-10-27T07:37;2008-10-27T18:07
1445;2008-10-28T08:48;2008-10-28T20:56
1446;2008-10-29T11:39;2008-10-29T17:06
1447;2008-10-30T07:29;2008-10-30T17:23
1448;2008-10-31T06:24;2008-10-31T20:06
1449;2008-11-03T07:45;2008-11-03T20:01
1450;2008-11-04T12:48;2008-11-04T16:52
1451;2008-11-05T11:47;2008-11-05T16:11
1452;2008-11-06T08:37;2008-11-06T18:02
1453;2008-11-07T08:54;2008-11-07T16:27
1454;2008-11-10T11:17;2008-11-10T20:01
1455;2008-11-11T05:50;2008-11-11T16:19
1456;2008-11-12T11:08;2008-11-12T16:33
1457;2008-11-13T07:46;2008-11-13T19:47
1458;2008-11-14T07:08;2008-11-14T16:02
1459;2008-11-17T09:02;2008-11-17T16:48
1460;2008-11-18T12:08;2008-11-18T17:22
1461;2008-11-19T08:01;2008-11-19T19:28
1462;2008-11-20T11:03;2008-11-20T16:51
1463;2008-11-21T12:08;2008-11-21T19:58
1464;2008-11-24T06:17;2008-11-24T18:10
1465;2008-11-25T08:20;2008-11-25T16:24
1466;2008-11-26T07:19;2008-11-26T19:40
1467;2008-11-27T06:43;2008-11-27T20:08
1468;2008-11-28T06:08;2008-11-28T17:05
1469;2008-12-01T11:49;2008-12-01T16:30
1470;2008-12-02T10:35;2008-12-02T17:08
1471;2008-12-03T06:48;2008-12-03T20:03
1472;2008-12-04T08:41;2008-12-04T18:34
1473;2008-12-05T07:15;2008-12-05T18:38
1474;2008-12-08T07:19;2008-12-08T18:27
1475;2008-12-09T11:29;2008-12-09T19:36
1476;2008-12-10T09:27;2008-12-10T20:18
1477;2008-12-11T05:49;2008-12-11T16:10
1478;2008-12-12T07:25;2008-12-12T20:07
1479;2008-12-15T08:13;2008-12-15T20:52
1480;2008-12-16T11:03;2008-12-16T17:30
1481;2008-12-17T06:03;2008-12-17T16:01
1482;2008-12-18T12:29;2008-12-18T20:38
1483;2008-12-19T06:25;2008-12-19T20:30
1484;2008-12-22T06:29;2008-12-22T18:14
1485;2008-12-23T11:01;2008-12-23T16:51
1486;2008-12-24T10:47;2008-12-24T19:10
1487;2008-12-25T09:59;2008-12-25T20:37
1488;2008-12-26T07:53;2008-12-26T18:56
1489;2008-12-29T11:22;2008-12-29T16:15
1490;2008-12-30T05:51;2008-12-30T17:30
1491;2008-12-31T05:28;2008-12-31T16:58
1492;2009-01-01T07:17;2009-01-01T16:45
1493;2009-01-02T10:07;2009-01-02T18:08
1494;2009-01-05T09:21;2009-01-05T20:29
1495;2009-01-06T11:37;2009-01-06T19:11
1496;2009-01-07T10:54;2009-01-07T17:18
1497;2009-01-08T08:33;2009-01-08T18:52
1498;2009-01-09T10:19;2009-01-09T16:07
1499;2009-01-12T07:39;2009-01-12T19:01
1500;2009-01-13T08:29;2009-01-13T20:07
1501;2009-01-14T09:54;2009-01-14T19:54
1502;2009-01-15T06:48;2009-01-15T16:44
1503;2009-01-16T11:24;2009-01-16T17:44
1504;2009-01-19T07:21;2009-01-19T20:31
1505;2009-01-20T09:01;2009-01-20T19:32
1506;2009-01-21T10:17;2009-01-21T19:44
1507;2009-01-22T06:30;2009-01-22T20:02
1508;2009-01-23T09:19;2009-01-23T16:08
1509;2009-01-26T12:34;2009-01-26T18:22
1510;2009-01-27T11:36;2009-01-27T19:49
1511;2009-01-28T12:48;2009-01-28T18:26
1512;2009-01-29T06:28;2009-01-29T16:32
1513;2009-01-30T07:11;2009-01-30T20:57
1514;2009-02-02T12:40;2009-02-02T20:49
1515;2009-02-03T10:44;2009-02-03T19:52
1516;2009-02-04T07:39;2009-02-04T16:14
1517;2009-02-05T08:14;2009-02-05T16:07
1518;2009-02-06T06:54;2009-02-06T17:47
1519;2009-02-09T10:20;2009-02-09T20:02
1520;2009-02-10T10:36;2009-02-10T19:56
1521;2009-02-11T08:05;2009-02-11T20:50
1522;2009-02-12T09:03;2009-02-12T20:02
1523;2009-02-13T05:29;2009-02-13T20:34
1524;2009-02-16T10:35;2009-02-16T16:09
1525;2009-02-17T10:19;2009-02-17T19:31
1526;2009-02-18T11:06;2009-02-18T20:41
1527;2009-02-19T07:14;2009-02-19T16:10
1528;2009-02-20T09:20;2009-02-20T18:47
1529;2009-02-23T07:42;2009-02-23T18:41
1530;2009-02-24T08:33;2009-02-24T18:50
1531;2009-02-25T09:20;2009-02-25T16:41
1532;2009-02-26T09:42;2009-02-26T19:53
1533;2009-02-27T10:22;2009-02-27T16:05
1534;2009-03-02T10:17;2009-03-02T17:05
1535;2009-03-03T11:25;2009-03-03T20:26
1536;2009-03-04T07:31;2009-03-04T19:16
1537;2009-03-05T12:36;2009-03-05T19:11
1538;2009-03-06T11:05;2009-03-06T18:09
1539;2009-03-09T07:21;2009-03-09T18:56
1540;2009-03-10T10:17;2009-03-10T17:27
1541;2009-03-11T12:53;2009-03-11T18:29
1542;2009-03-12T08:07;2009-03-12T19:52
1543;2009-03-13T08:07;2009-03-13T20:27
1544;2009-03-16T11:57;2009-03-16T16:24
1545;2009-03-17T06:14;2009-03-17T16:39
1546;2009-03-18T08:48;2009-03-18T18:56
1547;2009-03-19T06:34;2009-03-19T19:13
1548;2009-03-20T11:27;2009-03-20T18:04
1549;2009-03-23T08:38;2009-03-23T19:48
1550;2009-03-24T07:29;2009-03-24T20:29
1551;2009-03-25T09:16;2009-03-25T18:26
1552;2009-03-26T12:54;2009-03-26T17:02
1553;2009-03-27T10:25;2009-03-27T17:33
1554;2009-03-30T12:41;2009-03-30T19:34
1555;2009-03-31T09:24;2009-03-31T17:39
1556;2009-04-01T08:22;2009-04-01T19:49
1557;2009-04-02T05:42;2009-04-02T19:49
1558;2009-04-03T07:44;2009-04-03T17:49
1559;2009-04-06T08:30;2009-04-06T16:06
1560;2009-04-07T08:41;2009-04-07T16:15
1561;2009-04-08T11:47;2009-04-08T18:46
1562;2009-04-09T11:07;2009-04-09T16:52
1563;2009-04-10T05:07;2009-04-10T18:25
1564;2009-04-13T07:22;2009-04-13T18:47
1565;2009-04-14T12:12;2009-04-14T17:15
1566;2009-04-15T12:49;2009-04-15T16:12
1567;2009-04-16T05:01;2009-04-16T16:53
1568;2009-04-17T06:12;2009-04-17T17:58
1569;2009-04-20T10:47;2009-04-20T18:31
1570;2009-04-21T11:03;2009-04-21T18:17
1571;2009-04-22T06:33;2009-04-22T17:46
1572;2009-04-23T07:49;2009-04-23T18:25
1573;2009-04-24T07:00;2009-04-24T17:37
1574;2009-04-27T05:22;2009-04-27T16:35
1575;2009-04-28T05:19;2009-04-28T19:02
1576;2009-04-29T09:39;2009-04-29T17:57
1577;2009-04-30T07:36;2009-04-30T17:39
1578;2009-05-01T06:47;2009-05-01T17:24
1579;2009-05-04T08:52;2009-05-04T18:13
1580;2009-05-05T07:20;2009-05-05T19:39
1581;2009-05-06T08:25;2009-05-06T19:03
1582;2009-05-07T06:40;2009-05-07T16:37
1583;2009-05-08T06:10;2009-05-08T17:19
1584;2009-05-11T08:20;2009-05-11T20:13
1585;2009-05-12T07:17;2009-05-12T16:06
1586;2009-05-13T10:27;2009-05-13T20:29
1587;2009-05-14T10:29;2009-05-14T16:12
1588;2009-05-15T06:45;2009-05-15T19:50
1589;2009-05-18T10:15;2009-05-18T19:23
1590;2009-05-19T08:18;2009-05-19T19:08
1591;2009-05-20T12:10;2009-05-20T16:37
1592;2009-05-21T09:57;2009-05-21T19:32
1593;2009-05-22T06:35;2009-05-22T20:26
1594;2009-05-25T08:56;2009-05-25T19:27
1595;2009-05-26T05:26;2009-05-26T16:27
1596;2009-05-27T12:04;2009-05-27T17:34
1597;2009-05-28T05:59;2009-05-28T17:29
1598;2009-05-29T08:56;2009-05-29T17:41
1599;2009-06-01T12:24;2009-06-01T19:02
1600;2009-06-02T05:37;2009-06-02T19:42
1601;2009-06-03T08:54;2009-06-03T20:03
1602;2009-06-04T09:24;2009-06-04T17:03
1603;2009-06-05T10:42;2009-06-05T16:41
1604;2009-06-08T11:56;2009-06-08T20:41
1605;2009-06-09T05:57;2009-06-09T16:28
1606;2009-06-10T11:09;2009-06-10T20:25
1607;2009-06-11T05:56;2009-06-11T17:27
1608;2009-06-12T12:41;2009-06-12T17:10
1609;2009-06-15T09:29;2009-06-15T17:38
1610;2009-06-16T06:53;2009-06-16T18:06
1611;2009-06-17T05:29;2009-06-17T20:12
1612;2009-06-18T12:53;2009-06-18T16:16
1613;2009-06-19T08:51;2009-06-19T20:48
1614;2009-06-22T10:10;2009-06-22T19:41
1615;2009-06-23T10:34;2009-06-23T20:19
1616;2009-06-24T07:24;2009-06-24T17:49
1617;2009-06-25T05:58;2009-06-25T16:24
1618;2009-06-26T07:18;2009-06-26T18:36
1619;2009-06-29T07:08;2009-06-29T16:38
1620;2009-06-30T08:58;2009-06-30T20:38
1621;2009-07-01T07:02;2009-07-01T18:29
1622;2009-07-02T05:30;2009-07-02T17:56
1623;2009-07-03T09:10;2009-07-03T18:07
1624;2009-07-06T12:08;2009-07-06T17:58
1625;2009-07-07T10:48;2009-07-07T18:41
1626;2009-07-08T11:48;2009-07-08T17:59
1627;2009-07-09T08:16;2009-07-09T18:56
1628;2009-07-10T10:30;2009-07-10T17:26
1629;2009-07-13T09:29;2009-07-13T18:23
1630;2009-07-14T06:33;2009-07-14T18:59
1631;2009-07-15T11:20;2009-07-15T17:07
1632;2009-07-16T11:02;2009-07-16T17:43
1633;2009-07-17T12:38;2009-07-17T17:17
1634;2009-07-20T09:29;2009-07-20T19:42
1635;2009-07-21T10:32;2009-07-21T20:58
1636;2009-07-22T10:17;2009-07-22T17:10
1637;2009-07-23T12:36;2009-07-23T16:54
1638;2009-07-24T12:55;2009-07-24T19:33
1639;2009-07-27T05:26;2009-07-27T18:11
1640;2009-07-28T10:13;2009-07-28T20:53
1641;2009-07-29T08:45;2009-07-29T17:50
1642;2009-07-30T08:04;2009-07-30T17:58
1643;2009-07-31T09:56;2009-07-31T17:34
1644;2009-08-03T07:07;2009-08-03T19:56
1645;2009-08-04T08:18;2009-08-04T18:42
1646;2009-08-05T05:08;2009-08-05T18:53
1647;2009-08-06T11:47;2009-08-06T20:36
1648;2009-08-07T11:26;2009-08-07T19:24
1649;2009-08-10T11:22;2009-08-10T20:13
1650;2009-08-11T06:10;2009-08-11T19:07
1651;2009-08-12T07:59;2009-08-12T16:57
1652;2009-08-13T08:09;2009-08-13T16:01
1653;2009-08-14T12:28;2009-08-14T19:44
1654;2009-08-17T11:38;2009-08-17T20:13
1655;2009-08-18T06:29;2009-08-18T19:28
1656;2009-08-19T12:29;2009-08-19T20:04
1657;2009-08-20T06:48;2009-08-20T16:19
1658;2009-08-21T12:57;2009-08-21T17:36
1659;2009-08-24T07:25;2009-08-24T16:11
1660;2009-08-25T10:43;2009-08-25T16:03
1661;2009-08-26T12:15;2009-08-26T16:36
1662;2009-08-27T10:03;2009-08-27T16:18
1663;2009-08-28T09:47;2009-08-28T18:15
1664;2009-08-31T11:53;2009-08-31T17:30
1665;2009-09-01T11:56;2009-09-01T16:10
1666;2009-09-02T11:41;2009-09-02T20:13
1667;2009-09-03T05:27;2009-09-03T20:35
1668;2009-09-04T09:36;2009-09-04T20:55
1669;2009-09-07T05:20;2009-09-07T20:44
1670;2009-09-08T06:15;2009-09-08T18:54
1671;2009-09-09T06:49;2009-09-09T20:55
1672;2009-09-10T05:20;2009-09-10T20:26
1673;2009-09-11T11:56;2009-09-11T17:30
1674;2009-09-14T10:51;2009-09-14T18:21
1675;2009-09-15T08:28;2009-09-15T19:20
1676;2009-09-16T09:22;2009-09-16T19:21
1677;2009-09-17T05:35;2009-09-17T16:14
1678;2009-09-18T12:09;2009-09-18T17:05
1679;2009-09-21T05:40;2009-09-21T17:35
1680;2009-09-22T06:26;2009-09-22T19:43
1681;2009-09-23T12:03;2009-09-23T20:30
1682;2009-09-24T08:14;2009-09-24T19:51
1683;2009-09-25T08:42;2009-09-25T19:54
1684;2009-09-28T07:05;2009-09-28T20:39
1685;2009-09-29T12:02;2009-09-29T20:25
1686;2009-09-30T09:50;2009-09-30T19:37
1687;2009-10-01T09:57;2009-10-01T20:32
1688;2009-10-02T07:22;2009-10-02T18:55
1689;2009-10-05T06:05;2009-10-05T19:59
1690;2009-10-06T06:29;2009-10-06T18:10
1691;2009-10-07T10:08;2009-10-07T20:56
1692;2009-10-08T05:13;2009-10-08T16:25
1693;2009-10-09T08:59;2009-10-09T20:58
1694;2009-10-12T12:00;2009-10-12T18:47
1695;2009-10-13T06:28;2009-10-13T19:42
1696;2009-10-14T12:55;2009-10-14T18:04
1697;2009-10-15T11:31;2009-10-15T20:57
1698;2009-10-16T10:34;2009-10-16T17:01
1699;2009-10-19T06:14;2009-10-19T19:17
1700;2009-10-20T09:17;2009-10-20T18:47
1701;2009-10-21T12:43;2009-10-21T16:51
1702;2009-10-22T07:47;2009-10-22T19:20
1703;2009-10-23T12:37;2009-10-23T16:47
1704;2009-10-26T12:17;2009-10-26T20:32
1705;2009-10-27T06:15;2009-10-27T18:07
1706;2009-10-28T08:34;2009-10-28T16:02
1707;2009-10-29T09:27;2009-10-29T18:50
1708;2009-10-30T10:09;2009-10-30T20:31
1709;2009-11-02T05:35;2009-11-02T18:45
1710;2009-11-03T06:00;2009-11-03T20:53
1711;2009-11-04T10:56;2009-11-04T17:35
1712;2009-11-05T08:17;2009-11-05T19:18
1713;2009-11-06T05:20;2009-11-06T18:13
1714;2009-11-09T11:58;2009-11-09T20:02
1715;2009-11-10T07:53;2009-11-10T16:10
1716;2009-11-11T10:14;2009-11-11T19:25
1717;2009-11-12T09:49;2009-11-12T20:12
1718;2009-11-13T06:02;2009-11-13T19:45
1719;2009-11-16T07:12;2009-11-16T18:20
1720;2009-11-17T12:28;2009-11-17T16:38
1721;2009-11-18T06:41;2009-11-18T19:46
1722;2009-11-19T07:28;2009-11-19T20:19
1723;2009-11-20T06:53;2009-11-20T18:44
1724;2009-11-23T09:03;2009-11-23T19:46
1725;2009-11-24T06:41;2009-11-24T19:59
1726;2009-11-25T07:22;2009-11-25T16:21
1727;2009-11-26T10:17;2009-11-26T19:06
1728;2009-11-27T12:59;2009-11-27T17:02
1729;2009-11-30T06:17;2009-11-30T18:38
1730;2009-12-01T08:53;2009-12-01T19:31
1731;2009-12-02T12:38;2009-12-02T19:41
1732;2009-12-03T11:34;2009-12-03T19:24
1733;2009-12-04T06:29;2009-12-04T19:13
1734;2009-12-07T05:42;2009-12-07T17:35
1735;2009-12-08T11:44;2009-12-08T18:01
1736;2009-12-09T11:58;2009-12-09T18:00
1737;2009-12-10T07:49;2009-12-10T17:45
1738;2009-12-11T10:40;2009-12-11T19:04
1739;2009-12-14T11:49;2009-12-14T19:43
1740;2009-12-15T12:14;2009-12-15T19:58
1741;2009-12-16T11:51;2009-12-16T19:16
1742;2009-12-17T09:08;2009-12-17T18:30
1743;2009-12-18T07:37;2009-12-18T19:14
1744;2009-12-21T05:23;2009-12-21T19:05
1745;2009-12-22T08:51;2009-12-22T20:41
1746;2009-12-23T12:14;2009-12-23T17:33
1747;2009-12-24T08:01;2009-12-24T18:12
1748;2009-12-25T11:44;2009-12-25T19:38
1749;2009-12-28T06:08;2009-12-28T16:45
1750;2009-12-29T08:31;2009-12-29T19:49
1751;2009-12-30T09:37;2009-12-30T20:00
1752;2009-12-31T11:57;2009-12-31T19:41
1753;2010-01-01T07:16;2010-01-01T17:08
1754;2010-01-04T06:35;2010-01-04T16:56
1755;2010-01-05T09:08;2010-01-05T16:05
1756;2010-01-06T12:58;2010-01-06T20:52
1757;2010-01-07T11:28;2010-01-07T20:10
1758;2010-01-08T08:11;2010-01-08T16:15
1759;2010-01-11T05:13;2010-01-11T17:46
1760;2010-01-12T09:05;2010-01-12T18:18
1761;2010-01-13T05:34;2010-01-13T19:19
1762;2010-01-14T07:33;2010-01-14T17:37
1763;2010-01-15T12:00;2010-01-15T18:39
1764;2010-01-18T11:16;2010-01-18T18:32
1765;2010-01-19T11:18;2010-01-19T17:52
1766;2010-01-20T09:47;2010-01-20T16:00
1767;2010-01-21T07:39;2010-01-21T16:38
1768;2010-01-22T09:13;2010-01-22T16:59
1769;2010-01-25T12:33;2010-01-25T17:07
1770;2010-01-26T07:28;2010-01-26T18:30
1771;2010-01-27T10:21;2010-01-27T16:59
1772;2010-01-28T08:14;2010-01-28T18:29
1773;2010-01-29T06:40;2010-01-29T19:33
1774;2010-02-01T08:03;2010-02-01T19:23
1775;2010-02-02T08:35;2010-02-02T17:58
1776;2010-02-03T10:03;2010-02-03T19:50
1777;2010-02-04T06:44;2010-02-04T19:08
1778;2010-02-05T06:48;2010-02-05T20:08
1779;2010-02-08T10:46;2010-02-08T18:19
1780;2010-02-09T11:39;2010-02-09T18:17
1781;2010-02-10T07:06;2010-02-10T19:31
1782;2010-02-11T11:08;2010-02-11T17:10
1783;2010-02-12T12:09;2010-02-12T18:45
1784;2010-02-15T11:20;2010-02-15T19:17
1785;2010-02-16T12:19;2010-02-16T18:15
1786;2010-02-17T05:02;2010-02-17T20:06
1787;2010-02-18T05:50;2010-02-18T20:59
1788;2010-02-19T10:16;2010-02-19T16:51
1789;2010-02-22T05:37;2010-02-22T19:41
1790;2010-02-23T09:21;2010-02-23T16:41
1791;2010-02-24T08:25;2010-02-24T18:12
1792;2010-02-25T12:45;2010-02-25T17:07
1793;2010-02-26T11:12;2010-02-26T18:16
1794;2010-03-01T09:08;2010-03-01T17:36
1795;2010-03-02T10:39;2010-03-02T17:57
1796;2010-03-03T10:17;2010-03-03T17:53
1797;2010-03-04T11:33;2010-03-04T18:39
1798;2010-03-05T12:44;2010-03-05T19:58
1799;2010-03-08T09:57;2010-03-08T19:51
1800;2010-03-09T08:26;2010-03-09T18:33
1801;2010-03-10T07:54;2010-03-10T18:49
1802;2010-03-11T09:31;2010-03-11T18:03
1803;2010-03-12T07:24;2010-03-12T17:19
1804;2010-03-15T11:37;2010-03-15T16:10
1805;2010-03-16T11:00;2010-03-16T19:29
1806;2010-03-17T12:05;2010-03-17T18:09
1807;2010-03-18T05:35;2010-03-18T18:09
1808;2010-03-19T11:43;2010-03-19T17:03
1809;2010-03-22T06:45;2010-03-22T18:47
1810;2010-03-23T08:43;2010-03-23T19:17
1811;2010-03-24T09:17;2010-03-24T20:55
1812;2010-03-25T08:11;2010-03-25T19:22
1813;2010-03-26T07:35;2010-03-26T17:00
1814;2010-03-29T08:27;2010-03-29T20:12
1815;2010-03-30T08:02;2010-03-30T17:02
1816;2010-03-31T09:45;2010-03-31T17:29
1817;2010-04-01T06:13;2010-04-01T18:12
1818;2010-04-02T08:32;2010-04-02T16:14
1819;2010-04-05T07:04;2010-04-05T19:58
1820;2010-04-06T11:25;2010-04-06T17:30
1821;2010-04-07T10:51;2010-04-07T20:16
1822;2010-04-08T12:01;2010-04-08T19:24
1823;2010-04-09T12:53;2010-04-09T16:50
1824;2010-04-12T11:18;2010-04-12T20:23
1825;2010-04-13T09:55;2010-04-13T17:00
1826;2010-04-14T06:56;2010-04-14T18:13
1827;2010-04-15T07:33;2010-04-15T17:08
1828;2010-04-16T11:50;2010-04-16T16:56
1829;2010-04-19T10:35;2010-04-19T20:00
1830;2010-04-20T10:44;2010-04-20T17:57
1831;2010-04-21T11:54;2010-04-21T19:40
1832;2010-04-22T09:09;2010-04-22T17:12
1833;2010-04-23T12:36;2010-04-23T17:08
1834;2010-04-26T11:55;2010-04-26T20:40
1835;2010-04-27T09:23;2010-04-27T17:31
1836;2010-04-28T10:05;2010-04-28T19:16
1837;2010-04-29T11:49;2010-04-29T19:49
1838;2010-04-30T10:45;2010-04-30T19:51
1839;2010-05-03T09:59;2010-05-03T20:34
1840;2010-05-04T12:57;2010-05-04T17:31
1841;2010-05-05T06:48;2010-05-05T17:04
1842;2010-05-06T08:42;2010-05-06T20:37
1843;2010-05-07T05:37;2010-05-07T16:03
1844;2010-05-10T12:57;2010-05-10T19:33
1845;2010-05-11T10:46;2010-05-11T16:39
1846;2010-05-12T11:33;2010-05-12T20:26
1847;2010-05-13T07:15;2010-05-13T18:37
1848;2010-05-14T09:33;2010-05-14T19:05
1849;2010-05-17T10:14;2010-05-17T16:41
1850;2010-05-18T07:04;2010-05-18T18:54
1851;2010-05-19T06:13;2010-05-19T16:05
1852;2010-05-20T11:28;2010-05-20T19:44
1853;2010-05-21T06:34;2010-05-21T16:53
1854;2010-05-24T10:08;2010-05-24T19:24
1855;2010-05-25T11:57;2010-05-25T20:14
1856;2010-05-26T09:49;2010-05-26T19:15
1857;2010-05-27T11:04;2010-05-27T16:28
1858;2010-05-28T05:35;2010-05-28T18:37
1859;2010-05-31T10:36;2010-05-31T17:13
1860;2010-06-01T08:51;2010-06-01T18:12
1861;2010-06-02T10:26;2010-06-02T16:46
1862;2010-06-03T10:17;2010-06-03T18:29
1863;2010-06-04T12:14;2010-06-04T19:53
1864;2010-06-07T08:24;2010-06-07T20:18
1865;2010-06-08T05:53;2010-06-08T18:08
1866;2010-06-09T08:08;2010-06-09T18:55
1867;2010-06-10T06:58;2010-06-10T19:18
1868;2010-06-11T06:16;2010-06-11T19:20
1869;2010-06-14T12:16;2010-06-14T17:59
1870;2010-06-15T05:26;2010-06-15T16:28
1871;2010-06-16T10:03;2010-06-16T17:09
1872;2010-06-17T12:07;2010-06-17T16:35
1873;2010-06-18T07:09;2010-06-18T20:41
1874;2010-06-21T10:19;2010-06-21T18:13
1875;2010-06-22T10:39;2010-06-22T17:38
1876;2010-06-23T07:08;2010-06-23T18:30
1877;2010-06-24T10:07;2010-06-24T16:17
1878;2010-06-25T06:37;2010-06-25T19:33
1879;2010-06-28T08:32;2010-06-28T20:22
1880;2010-06-29T10:49;2010-06-29T20:27
1881;2010-06-30T12:53;2010-06-30T18:08
1882;2010-07-01T09:01;2010-07-01T16:08
1883;2010-07-02T08:23;2010-07-02T20:30
1884;2010-07-05T05:13;2010-07-05T20:59
1885;2010-07-06T12:14;2010-07-06T18:47
1886;2010-07-07T09:41;2010-07-07T17:00
1887;2010-07-08T07:01;2010-07-08T17:08
1888;2010-07-09T06:39;2010-07-09T18:52
1889;2010-07-12T11:01;2010-07-12T17:42
1890;2010-07-13T08:57;2010-07-13T18:14
1891;2010-07-14T08:23;2010-07-14T20:54
1892;2010-07-15T11:37;2010-07-15T17:08
1893;2010-07-16T10:13;2010-07-16T17:09
1894;2010-07-19T12:41;2010-07-19T20:20
1895;2010-07-20T08:36;2010-07-20T18:11
1896;2010-07-21T06:28;2010-07-21T18:05
1897;2010-07-22T05:21;2010-07-22T17:17
1898;2010-07-23T11:34;2010-07-23T20:36
1899;2010-07-26T05:57;2010-07-26T19:21
1900;2010-07-27T12:01;2010-07-27T18:21
1901;2010-07-28T09:31;2010-07-28T16:23
1902;2010-07-29T11:09;2010-07-29T18:25
1903;2010-07-30T08:04;2010-07-30T19:15
1904;2010-08-02T08:21;2010-08-02T17:04
1905;2010-08-03T06:52;2010-08-03T19:35
1906;2010-08-04T10:46;2010-08-04T17:14
1907;2010-08-05T12:48;2010-08-05T19:03
1908;2010-08-06T10:21;2010-08-06T19:46
1909;2010-08-09T10:54;2010-08-09T18:20
1910;2010-08-10T07:38;2010-08-10T16:43
1911;2010-08-11T06:18;2010-08-11T20:39
1912;2010-08-12T11:38;2010-08-12T18:40
1913;2010-08-13T10:06;2010-08-13T18:20
1914;2010-08-16T12:40;2010-08-16T17:33
1915;2010-08-17T11:34;2010-08-17T17:02
1916;2010-08-18T12:53;2010-08-18T19:20
1917;2010-08-19T08:05;2010-08-19T20:50
1918;2010-08-20T12:48;2010-08-20T17:47
1919;2010-08-23T07:36;2010-08-23T17:13
1920;2010-08-24T08:32;2010-08-24T20:31
1921;2010-08-25T06:33;2010-08-25T18:39
1922;2010-08-26T06:31;2010-08-26T19:07
1923;2010-08-27T05:29;2010-08-27T16:53
1924;2010-08-30T08:27;2010-08-30T20:20
1925;2010-08-31T05:27;2010-08-31T17:46
1926;2010-09-01T06:49;2010-09-01T19:13
1927;2010-09-02T11:26;2010-09-02T16:45
1928;2010-09-03T08:28;2010-09-03T18:05
1929;2010-09-06T07:56;2010-09-06T17:19
1930;2010-09-07T09:02;2010-09-07T16:31
1931;2010-09-08T12:25;2010-09-08T16:59
1932;2010-09-09T06:02;2010-09-09T19:01
1933;2010-09-10T10:50;2010-09-10T18:26
1934;2010-09-13T08:30;2010-09-13T18:57
1935;2010-09-14T06:42;2010-09-14T18:57
1936;2010-09-15T09:06;2010-09-15T19:11
1937;2010-09-16T06:43;2010-09-16T19:55
1938;2010-09-17T07:29;2010-09-17T20:03
1939;2010-09-20T10:13;2010-09-20T16:09
1940;2010-09-21T06:47;2010-09-21T17:22
1941;2010-09-22T12:59;2010-09-22T17:10
1942;2010-09-23T12:17;2010-09-23T19:46
1943;2010-09-24T08:14;2010-09-24T19:48
1944;2010-09-27T05:16;2010-09-27T18:14
1945;2010-09-28T09:08;2010-09-28T18:08
1946;2010-09-29T09:17;2010-09-29T20:24
1947;2010-09-30T05:42;2010-09-30T16:26
1948;2010-10-01T09:00;2010-10-01T19:42
1949;2010-10-04T06:27;2010-10-04T18:46
1950;2010-10-05T08:07;2010-10-05T20:34
1951;2010-10-06T10:15;2010-10-06T19:34
1952;2010-10-07T06:54;2010-10-07T16:25
1953;2010-10-08T11:34;2010-10-08T18:37
1954;2010-10-11T05:21;2010-10-11T17:52
1955;2010-10-12T06:43;2010-10-12T19:55
1956;2010-10-13T10:56;2010-10-13T16:21
1957;2010-10-14T07:39;2010-10-14T20:02
1958;2010-10-15T10:02;2010-10-15T19:50
1959;2010-10-18T05:25;2010-10-18T17:10
1960;2010-10-19T09:12;2010-10-19T19:47
1961;2010-10-20T11:11;2010-10-20T18:49
1962;2010-10-21T07:11;2010-10-21T19:56
1963;2010-10-22T12:34;2010-10-22T18:02
1964;2010-10-25T07:03;2010-10-25T19:09
1965;2010-10-26T05:59;2010-10-26T18:20
1966;2010-10-27T10:17;2010-10-27T18:10
1967;2010-10-28T12:18;2010-10-28T19:02
1968;2010-10-29T09:07;2010-10-29T16:47
1969;2010-11-01T08:00;2010-11-01T20:53
1970;2010-11-02T11:12;2010-11-02T18:58
1971;2010-11-03T05:01;2010-11-03T19:27
1972;2010-11-04T07:12;2010-11-04T16:04
1973;2010-11-05T09:51;2010-11-05T17:53
1974;2010-11-08T10:13;2010-11-08T16:24
1975;2010-11-09T09:47;2010-11-09T17:22
1976;2010-11-10T09:56;2010-11-10T19:20
1977;2010-11-11T09:42;2010-11-11T19:15
1978;2010-11-12T07:16;2010-11-12T18:16
1979;2010-11-15T09:55;2010-11-15T17:46
1980;2010-11-16T07:06;2010-11-16T16:10
1981;2010-11-17T05:41;2010-11-17T19:17
1982;2010-11-18T09:09;2010-11-18T19:23
1983;2010-11-19T11:33;2010-11-19T20:12
1984;2010-11-22T06:25;2010-11-22T17:28
1985;2010-11-23T06:00;2010-11-23T19:48
1986;2010-11-24T08:11;2010-11-24T17:08
1987;2010-11-25T08:24;2010-11-25T18:36
1988;2010-11-26T10:09;2010-11-26T19:59
1989;2010-11-29T08:41;2010-11-29T16:07
1990;2010-11-30T08:22;2010-11-30T18:35
1991;2010-12-01T05:26;2010-12-01T16:25
1992;2010-12-02T07:07;2010-12-02T18:48
1993;2010-12-03T11:09;2010-12-03T20:13
1994;2010-12-06T08:45;2010-12-06T20:58
1995;2010-12-07T06:49;2010-12-07T19:46
1996;2010-12-08T12:47;2010-12-08T19:08
1997;2010-12-09T10:55;2010-12-09T18:05
1998;2010-12-10T11:22;2010-12-10T19:08
1999;2010-12-13T10:04;2010-12-13T20:43
2000;2010-12-14T05:46;2010-12-14T17:07
2001;2010-12-15T12:32;2010-12-15T18:09
2002;2010-12-16T08:05;2010-12-16T18:53
2003;2010-12-17T11:17;2010-12-17T19:19
2004;2010-12-20T12:15;2010-12-20T20:22
2005;2010-12-21T07:55;2010-12-21T19:33
2006;2010-12-22T07:16;2010-12-22T19:37
2007;2010-12-23T06:48;2010-12-23T19:00
2008;2010-12-24T05:47;2010-12-24T16:48
2009;2010-12-27T09:47;2010-12-27T20:29
2010;2010-12-28T05:31;2010-12-28T17:22
2011;2010-12-29T08:16;2010-12-29T20:12
2012;2010-12-30T10:02;2010-12-30T16:17
2013;2010-12-31T09:13;2010-12-31T20:53
2014;2011-01-03T07:54;2011-01-03T20:33
2015;2011-01-04T09:37;2011-01-04T18:36
2016;2011-01-05T11:22;2011-01-05T16:48
2017;2011-01-06T09:39;2011-01-06T20:06
2018;2011-01-07T11:42;2011-01-07T18:59
2019;2011-01-10T10:39;2011-01-10T19:22
2020;2011-01-11T05:00;2011-01-11T19:10
2021;2011-01-12T12:25;2011-01-12T20:21
2022;2011-01-13T12:18;2011-01-13T19:58
2023;2011-01-14T11:34;2011-01-14T17:23
2024;2011-01-17T07:25;2011-01-17T16:46
2025;2011-01-18T07:59;2011-01-18T17:46
2026;2011-01-19T09:20;2011-01-19T18:56
2027;2011-01-20T09:16;2011-01-20T16:05
2028;2011-01-21T11:39;2011-01-21T19:02
2029;2011-01-24T07:46;2011-01-24T20:47
2030;2011-01-25T11:52;2011-01-25T19:29
2031;2011-01-26T12:36;2011-01-26T17:54
2032;2011-01-27T08:45;2011-01-27T16:52
2033;2011-01-28T10:11;2011-01-28T20:19
2034;2011-01-31T06:45;2011-01-31T18:24
2035;2011-02-01T11:01;2011-02-01T20:21
2036;2011-02-02T12:23;2011-02-02T20:10
2037;2011-02-03T07:52;2011-02-03T20:18
2038;2011-02-04T07:29;2011-02-04T19:51
2039;2011-02-07T08:09;2011-02-07T18:47
2040;2011-02-08T05:41;2011-02-08T19:03
2041;2011-02-09T11:52;2011-02-09T20:06
2042;2011-02-10T07:53;2011-02-10T17:59
2043;2011-02-11T10:33;2011-02-11T18:52
2044;2011-02-14T11:07;2011-02-14T20:13
2045;2011-02-15T09:13;2011-02-15T16:55
2046;2011-02-16T06:29;2011-02-16T19:01
2047;2011-02-17T11:51;2011-02-17T16:53
2048;2011-02-18T07:13;2011-02-18T17:34
2049;2011-02-21T10:31;2011-02-21T18:21
2050;2011-02-22T10:55;2011-02-22T18:04
2051;2011-02-23T06:47;2011-02-23T18:35
2052;2011-02-24T07:24;2011-02-24T17:36
2053;2011-02-25T09:00;2011-02-25T16:53
2054;2011-02-28T06:05;2011-02-28T20:00
2055;2011-03-01T09:52;2011-03-01T16:04
2056;2011-03-02T11:24;2011-03-02T20:18
2057;2011-03-03T06:43;2011-03-03T19:18
2058;2011-03-04T05:33;2011-03-04T16:14
2059;2011-03-07T09:31;2011-03-07T20:03
2060;2011-03-08T11:34;2011-03-08T19:13
2061;2011-03-09T11:25;2011-03-09T17:49
2062;2011-03-10T08:33;2011-03-10T20:33
2063;2011-03-11T08:16;2011-03-11T19:58
2064;2011-03-14T07:42;2011-03-14T17:06
2065;2011-03-15T05:35;2011-03-15T19:59
2066;2011-03-16T10:46;2011-03-16T20:24
2067;2011-03-17T05:51;2011-03-17T18:09
2068;2011-03-18T07:37;2011-03-18T19:48
2069;2011-03-21T12:22;2011-03-21T18:18
2070;2011-03-22T05:43;2011-03-22T20:17
2071;2011-03-23T12:32;2011-03-23T17:39
2072;2011-03-24T08:50;2011-03-24T19:11
2073;2011-03-25T05:01;2011-03-25T17:32
2074;2011-03-28T10:22;2011-03-28T19:23
2075;2011-03-29T12:07;2011-03-29T16:10
2076;2011-03-30T07:48;2011-03-30T20:03
2077;2011-03-31T11:40;2011-03-31T20:12
2078;2011-04-01T12:14;2011-04-01T18:55
2079;2011-04-04T12:42;2011-04-04T16:46
2080;2011-04-05T10:45;2011-04-05T17:29
2081;2011-04-06T11:34;2011-04-06T17:06
2082;2011-04-07T12:51;2011-04-07T17:44
2083;2011-04-08T05:26;2011-04-08T18:36
2084;2011-04-11T09:59;2011-04-11T16:30
2085;2011-04-12T07:39;2011-04-12T18:25
2086;2011-04-13T08:46;2011-04-13T17:39
2087;2011-04-14T08:55;2011-04-14T16:56
2088;2011-04-15T10:33;2011-04-15T16:45
2089;2011-04-18T10:15;2011-04-18T19:05
2090;2011-04-19T12:14;2011-04-19T16:44
2091;2011-04-20T08:30;2011-04-20T18:32
2092;2011-04-21T09:40;2011-04-21T18:29
2093;2011-04-22T12:58;2011-04-22T18:27
2094;2011-04-25T09:30;2011-04-25T18:25
2095;2011-04-26T10:26;2011-04-26T17:51
2096;2011-04-27T11:12;2011-04-27T20:23
2097;2011-04-28T09:56;2011-04-28T19:38
2098;2011-04-29T09:28;2011-04-29T20:39
2099;2011-05-02T12:52;2011-05-02T16:22
2100;2011-05-03T11:27;2011-05-03T20:36
2101;2011-05-04T12:15;2011-05-04T19:26
2102;2011-05-05T06:01;2011-05-05T19:25
2103;2011-05-06T05:33;2011-05-06T17:48
2104;2011-05-09T11:07;2011-05-09T20:25
2105;2011-05-10T09:40;2011-05-10T17:11
2106;2011-05-11T09:43;2011-05-11T19:02
2107;2011-05-12T09:59;2011-05-12T16:47
2108;2011-05-13T06:39;2011-05-13T17:00
2109;2011-05-16T12:02;2011-05-16T18:37
2110;2011-05-17T08:53;2011-05-17T19:44
2111;2011-05-18T11:15;2011-05-18T20:36
2112;2011-05-19T09:01;2011-05-19T17:30
2113;2011-05-20T08:17;2011-05-20T17:14
2114;2011-05-23T11:23;2011-05-23T16:11
2115;2011-05-24T10:48;2011-05-24T17:45
2116;2011-05-25T09:09;2011-05-25T20:11
2117;2011-05-26T08:18;2011-05-26T19:54
2118;2011-05-27T12:31;2011-05-27T18:47
2119;2011-05-30T10:30;2011-05-30T19:41
2120;2011-05-31T05:45;2011-05-31T16:47
2121;2011-06-01T08:45;2011-06-01T16:44
2122;2011-06-02T10:45;2011-06-02T18:08
2123;2011-06-03T05:44;2011-06-03T16:01
2124;2011-06-06T11:38;2011-06-06T17:07
2125;2011-06-07T05:37;2011-06-07T17:23
2126;2011-06-08T08:07;2011-06-08T16:31
2127;2011-06-09T11:36;2011-06-09T17:45
2128;2011-06-10T12:23;2011-06-10T18:55
2129;2011-06-13T06:21;2011-06-13T20:59
2130;2011-06-14T11:56;2011-06-14T17:40
2131;2011-06-15T10:23;2011-06-15T17:28
2132;2011-06-16T10:11;2011-06-16T18:02
2133;2011-06-17T12:32;2011-06-17T17:23
2134;2011-06-20T06:33;2011-06-20T20:46
2135;2011-06-21T11:10;2011-06-21T19:50
2136;2011-06-22T07:04;2011-06-22T19:52
2137;2011-06-23T09:41;2011-06-23T16:06
2138;2011-06-24T10:06;2011-06-24T17:09
2139;2011-06-27T08:21;2011-06-27T19:31
2140;2011-06-28T05:33;2011-06-28T16:20
2141;2011-06-29T08:27;2011-06-29T18:35
2142;2011-06-30T09:08;2011-06-30T17:52
2143;2011-07-01T06:54;2011-07-01T19:55
2144;2011-07-04T07:30;2011-07-04T18:42
2145;2011-07-05T06:42;2011-07-05T19:06
2146;2011-07-06T06:22;2011-07-06T16:18
2147;2011-07-07T05:55;2011-07-07T19:38
2148;2011-07-08T07:07;2011-07-08T17:35
2149;2011-07-11T12:40;2011-07-11T18:18
2150;2011-07-12T12:44;2011-07-12T20:03
2151;2011-07-13T07:33;2011-07-13T17:04
2152;2011-07-14T08:15;2011-07-14T16:14
2153;2011-07-15T07:40;2011-07-15T19:20
2154;2011-07-18T12:13;2011-07-18T20:11
2155;2011-07-19T07:33;2011-07-19T20:54
2156;2011-07-20T12:30;2011-07-20T20:13
2157;2011-07-21T08:23;2011-07-21T16:42
2158;2011-07-22T08:48;2011-07-22T18:35
2159;2011-07-25T09:04;2011-07-25T20:22
2160;2011-07-26T12:08;2011-07-26T18:13
2161;2011-07-27T06:37;2011-07-27T19:17
2162;2011-07-28T09:25;2011-07-28T17:52
2163;2011-07-29T08:03;2011-07-29T18:22
2164;2011-08-01T05:10;2011-08-01T17:12
2165;2011-08-02T10:19;2011-08-02T16:05
2166;2011-08-03T10:01;2011-08-03T16:45
2167;2011-08-04T09:11;2011-08-04T16:15
2168;2011-08-05T07:20;2011-08-05T20:31
2169;2011-08-08T05:40;2011-08-08T17:26
2170;2011-08-09T07:26;2011-08-09T16:01
2171;2011-08-10T08:56;2011-08-10T16:21
2172;2011-08-11T07:37;2011-08-11T19:47
2173;2011-08-12T10:57;2011-08-12T20:35
2174;2011-08-15T06:11;2011-08-15T16:39
2175;2011-08-16T06:37;2011-08-16T19:27
2176;2011-08-17T12:52;2011-08-17T20:46
2177;2011-08-18T08:32;2011-08-18T17:47
2178;2011-08-19T05:44;2011-08-19T18:37
2179;2011-08-22T05:15;2011-08-22T16:18
2180;2011-08-23T09:00;2011-08-23T17:49
2181;2011-08-24T10:18;2011-08-24T19:37
2182;2011-08-25T08:07;2011-08-25T18:52
2183;2011-08-26T09:28;2011-08-26T19:52
2184;2011-08-29T05:19;2011-08-29T20:11
2185;2011-08-30T09:47;2011-08-30T19:35
2186;2011-08-31T06:01;2011-08-31T19:45
2187;2011-09-01T09:53;2011-09-01T18:42
2188;2011-09-02T06:10;2011-09-02T18:17
2189;2011-09-05T10:16;2011-09-05T16:04
2190;2011-09-06T09:39;2011-09-06T16:55
2191;2011-09-07T06:40;2011-09-07T16:55
2192;2011-09-08T07:04;2011-09-08T18:23
2193;2011-09-09T08:20;2011-09-09T16:28
2194;2011-09-12T10:18;2011-09-12T18:05
2195;2011-09-13T11:32;2011-09-13T19:54
2196;2011-09-14T05:31;2011-09-14T19:17
2197;2011-09-15T10:56;2011-09-15T19:26
2198;2011-09-16T07:07;2011-09-16T16:33
2199;2011-09-19T11:38;2011-09-19T18:12
2200;2011-09-20T07:37;2011-09-20T17:56
2201;2011-09-21T12:49;2011-09-21T16:14
2202;2011-09-22T10:07;2011-09-22T19:44
2203;2011-09-23T12:57;2011-09-23T19:15
2204;2011-09-26T06:18;2011-09-26T20:54
2205;2011-09-27T09:28;2011-09-27T17:57
2206;2011-09-28T09:12;2011-09-28T17:39
2207;2011-09-29T12:09;2011-09-29T16:52
2208;2011-09-30T12:45;2011-09-30T19:39
2209;2011-10-03T10:57;2011-10-03T19:31
2210;2011-10-04T08:15;2011-10-04T20:38
2211;2011-10-05T05:46;2011-10-05T18:33
2212;2011-10-06T08:25;2011-10-06T18:41
2213;2011-10-07T07:08;2011-10-07T19:10
2214;2011-10-10T06:19;2011-10-10T18:23
2215;2011-10-11T12:43;2011-10-11T16:56
2216;2011-10-12T12:15;2011-10-12T16:49
2217;2011-10-13T11:13;2011-10-13T16:29
2218;2011-10-14T12:20;2011-10-14T16:40
2219;2011-10-17T05:27;2011-10-17T16:55
2220;2011-10-18T07:52;2011-10-18T20:36
2221;2011-10-19T10:11;2011-10-19T17:52
2222;2011-10-20T08:07;2011-10-20T16:55
2223;2011-10-21T10:23;2011-10-21T18:16
2224;2011-10-24T12:27;2011-10-24T18:01
2225;2011-10-25T08:01;2011-10-25T18:30
2226;2011-10-26T10:40;2011-10-26T16:54
2227;2011-10-27T08:29;2011-10-27T20:46
2228;2011-10-28T07:35;2011-10-28T19:06
2229;2011-10-31T06:27;2011-10-31T17:52
2230;2011-11-01T07:59;2011-11-01T16:51
2231;2011-11-02T12:12;2011-11-02T20:08
2232;2011-11-03T05:43;2011-11-03T18:41
2233;2011-11-04T12:57;2011-11-04T19:29
2234;2011-11-07T09:31;2011-11-07T17:17
2235;2011-11-08T11:09;2011-11-08T16:05
2236;2011-11-09T12:10;2011-11-09T16:27
2237;2011-11-10T11:34;2011-11-10T20:40
2238;2011-11-11T12:00;2011-11-11T16:26
2239;2011-11-14T09:15;2011-11-14T19:21
2240;2011-11-15T07:56;2011-11-15T20:56
2241;2011-11-16T07:18;2011-11-16T19:13
2242;2011-11-17T12:21;2011-11-17T20:56
2243;2011-11-18T06:42;2011-11-18T16:27
2244;2011-11-21T11:19;2011-11-21T17:32
2245;2011-11-22T11:23;2011-11-22T16:46
2246;2011-11-23T09:16;2011-11-23T19:49
2247;2011-11-24T06:40;2011-11-24T17:37
2248;2011-11-25T06:43;2011-11-25T19:26
2249;2011-11-28T05:03;2011-11-28T17:52
2250;2011-11-29T08:35;2011-11-29T18:53
2251;2011-11-30T08:40;2011-11-30T18:34
2252;2011-12-01T05:49;2011-12-01T16:27
2253;2011-12-02T07:07;2011-12-02T17:20
2254;2011-12-05T08:30;2011-12-05T19:43
2255;2011-12-06T09:51;2011-12-06T20:38
2256;2011-12-07T06:32;2011-12-07T17:29
2257;2011-12-08T09:38;2011-12-08T16:59
2258;2011-12-09T06:59;2011-12-09T18:47
2259;2011-12-12T08:42;2011-12-12T16:50
2260;2011-12-13T11:37;2011-12-13T16:03
2261;2011-12-14T06:37;2011-12-14T17:09
2262;2011-12-15T05:29;2011-12-15T19:23
2263;2011-12-16T10:01;2011-12-16T19:38
2264;2011-12-19T07:59;2011-12-19T18:47
2265;2011-12-20T06:24;2011-12-20T16:25
2266;2011-12-21T05:17;2011-12-21T16:31
2267;2011-12-22T10:58;2011-12-22T19:15
2268;2011-12-23T10:17;2011-12-23T18:39
2269;2011-12-26T05:35;2011-12-26T20:53
2270;2011-12-27T05:47;2011-12-27T18:33
2271;2011-12-28T12:45;2011-12-28T17:55
2272;2011-12-29T09:54;2011-12-29T19:11
2273;2011-12-30T11:36;2011-12-30T17:52
2274;2012-01-02T11:24;2012-01-02T20:18
2275;2012-01-03T09:44;2012-01-03T20:27
2276;2012-01-04T05:35;2012-01-04T17:53
2277;2012-01-05T06:05;2012-01-05T17:34
2278;2012-01-06T06:48;2012-01-06T20:01
2279;2012-01-09T07:33;2012-01-09T18:09
2280;2012-01-10T06:46;2012-01-10T17:21
2281;2012-01-11T12:24;2012-01-11T16:07
2282;2012-01-12T08:50;2012-01-12T17:54
2283;2012-01-13T06:49;2012-01-13T18:25
2284;2012-01-16T11:36;2012-01-16T17:51
2285;2012-01-17T07:39;2012-01-17T20:20
2286;2012-01-18T08:06;2012-01-18T19:47
2287;2012-01-19T12:56;2012-01-19T16:41
2288;2012-01-20T10:39;2012-01-20T16:50
2289;2012-01-23T11:10;2012-01-23T16:51
2290;2012-01-24T05:42;2012-01-24T16:15
2291;2012-01-25T11:21;2012-01-25T17:17
2292;2012-01-26T05:22;2012-01-26T18:54
2293;2012-01-27T07:01;2012-01-27T16:03
2294;2012-01-30T07:54;2012-01-30T16:44
2295;2012-01-31T09:14;2012-01-31T17:45
2296;2012-02-01T08:02;2012-02-01T16:15
2297;2012-02-02T06:56;2012-02-02T19:58
2298;2012-02-03T12:29;2012-02-03T18:57
2299;2012-02-06T07:41;2012-02-06T20:27
2300;2012-02-07T08:33;2012-02-07T16:08
2301;2012-02-08T11:50;2012-02-08T17:20
2302;2012-02-09T10:26;2012-02-09T20:46
2303;2012-02-10T12:57;2012-02-10T17:34
2304;2012-02-13T12:09;2012-02-13T17:50
2305;2012-02-14T10:29;2012-02-14T19:20
2306;2012-02-15T11:48;2012-02-15T19:35
2307;2012-02-16T06:29;2012-02-16T19:52
2308;2012-02-17T08:48;2012-02-17T17:13
2309;2012-02-20T12:35;2012-02-20T19:33
2310;2012-02-21T12:14;2012-02-21T20:26
2311;2012-02-22T08:51;2012-02-22T16:46
2312;2012-02-23T07:24;2012-02-23T17:57
2313;2012-02-24T05:31;2012-02-24T16:24
2314;2012-02-27T10:20;2012-02-27T17:27
2315;2012-02-28T08:38;2012-02-28T19:35
2316;2012-02-29T08:30;2012-02-29T16:59
2317;2012-03-01T07:14;2012-03-01T20:07
2318;2012-03-02T12:41;2012-03-02T16:53
2319;2012-03-05T09:24;2012-03-05T19:22
2320;2012-03-06T08:41;2012-03-06T17:37
2321;2012-03-07T07:27;2012-03-07T19:43
2322;2012-03-08T05:10;2012-03-08T17:19
2323;2012-03-09T08:50;2012-03-09T16:24
2324;2012-03-12T11:53;2012-03-12T19:00
2325;2012-03-13T09:30;2012-03-13T17:17
2326;2012-03-14T08:11;2012-03-14T16:12
2327;2012-03-15T10:38;2012-03-15T17:31
2328;2012-03-16T07:13;2012-03-16T19:10
2329;2012-03-19T10:29;2012-03-19T19:43
2330;2012-03-20T07:42;2012-03-20T17:38
2331;2012-03-21T07:34;2012-03-21T17:56
2332;2012-03-22T09:20;2012-03-22T16:15
2333;2012-03-23T07:03;2012-03-23T16:57
2334;2012-03-26T06:53;2012-03-26T17:03
2335;2012-03-27T08:16;2012-03-27T18:12
2336;2012-03-28T08:29;2012-03-28T20:56
2337;2012-03-29T06:05;2012-03-29T16:49
2338;2012-03-30T10:16;2012-03-30T16:45
2339;2012-04-02T11:20;2012-04-02T20:03
2340;2012-04-03T09:51;2012-04-03T19:50
2341;2012-04-04T06:16;2012-04-04T17:10
2342;2012-04-05T09:46;2012-04-05T18:08
2343;2012-04-06T10:54;2012-04-06T18:15
2344;2012-04-09T06:50;2012-04-09T18:50
2345;2012-04-10T07:46;2012-04-10T16:12
2346;2012-04-11T07:04;2012-04-11T18:13
2347;2012-04-12T08:28;2012-04-12T16:46
2348;2012-04-13T07:03;2012-04-13T17:17
2349;2012-04-16T05:53;2012-04-16T17:14
2350;2012-04-17T05:02;2012-04-17T17:51
2351;2012-04-18T11:43;2012-04-18T20:42
2352;2012-04-19T12:59;2012-04-19T19:17
2353;2012-04-20T08:10;2012-04-20T20:26
2354;2012-04-23T07:10;2012-04-23T16:27
2355;2012-04-24T12:15;2012-04-24T19:10
2356;2012-04-25T08:16;2012-04-25T20:57
2357;2012-04-26T05:54;2012-04-26T17:27
2358;2012-04-27T07:52;2012-04-27T20:57
2359;2012-04-30T11:29;2012-04-30T18:08
2360;2012-05-01T08:48;2012-05-01T18:58
2361;2012-05-02T07:09;2012-05-02T16:26
2362;2012-05-03T12:55;2012-05-03T17:08
2363;2012-05-04T09:07;2012-05-04T18:20
2364;2012-05-07T07:33;2012-05-07T16:40
2365;2012-05-08T09:23;2012-05-08T20:30
2366;2012-05-09T07:16;2012-05-09T19:11
2367;2012-05-10T07:10;2012-05-10T18:28
2368;2012-05-11T12:55;2012-05-11T16:14
2369;2012-05-14T11:22;2012-05-14T18:17
2370;2012-05-15T11:01;2012-05-15T20:10
2371;2012-05-16T07:06;2012-05-16T17:04
2372;2012-05-17T12:16;2012-05-17T20:12
2373;2012-05-18T08:09;2012-05-18T16:13
2374;2012-05-21T11:34;2012-05-21T20:10
2375;2012-05-22T11:30;2012-05-22T16:00
2376;2012-05-23T10:03;2012-05-23T16:01
2377;2012-05-24T07:26;2012-05-24T17:15
2378;2012-05-25T05:26;2012-05-25T17:41
2379;2012-05-28T06:18;2012-05-28T18:45
2380;2012-05-29T12:56;2012-05-29T16:07
2381;2012-05-30T12:20;2012-05-30T20:08
2382;2012-05-31T06:45;2012-05-31T17:55
2383;2012-06-01T10:00;2012-06-01T17:56
2384;2012-06-04T08:11;2012-06-04T17:00
2385;2012-06-05T06:16;2012-06-05T17:00
2386;2012-06-06T09:07;2012-06-06T19:11
2387;2012-06-07T08:13;2012-06-07T18:02
2388;2012-06-08T05:45;2012-06-08T19:36
2389;2012-06-11T09:41;2012-06-11T18:48
2390;2012-06-12T12:23;2012-06-12T20:36
2391;2012-06-13T12:59;2012-06-13T20:29
2392;2012-06-14T10:43;2012-06-14T16:55
2393;2012-06-15T09:01;2012-06-15T19:25
2394;2012-06-18T12:37;2012-06-18T16:13
2395;2012-06-19T10:16;2012-06-19T19:40
2396;2012-06-20T10:43;2012-06-20T20:29
2397;2012-06-21T10:33;2012-06-21T18:07
2398;2012-06-22T05:21;2012-06-22T16:10
2399;2012-06-25T07:23;2012-06-25T19:02
2400;2012-06-26T11:54;2012-06-26T17:35
2401;2012-06-27T05:59;2012-06-27T17:52
2402;2012-06-28T06:26;2012-06-28T19:51
2403;2012-06-29T09:46;2012-06-29T19:52
2404;2012-07-02T05:38;2012-07-02T19:50
2405;2012-07-03T08:28;2012-07-03T17:07
2406;2012-07-04T05:46;2012-07-04T20:30
2407;2012-07-05T11:56;2012-07-05T16:53
2408;2012-07-06T12:55;2012-07-06T17:09
2409;2012-07-09T10:28;2012-07-09T18:47
2410;2012-07-10T06:11;2012-07-10T19:15
2411;2012-07-11T07:14;2012-07-11T20:26
2412;2012-07-12T11:30;2012-07-12T20:55
2413;2012-07-13T12:56;2012-07-13T17:38
2414;2012-07-16T07:14;2012-07-16T19:04
2415;2012-07-17T11:21;2012-07-17T20:33
2416;2012-07-18T10:33;2012-07-18T17:26
2417;2012-07-19T10:43;2012-07-19T20:02
2418;2012-07-20T10:18;2012-07-20T16:30
2419;2012-07-23T12:27;2012-07-23T20:10
2420;2012-07-24T11:46;2012-07-24T19:38
2421;2012-07-25T11:54;2012-07-25T19:26
2422;2012-07-26T08:15;2012-07-26T18:40
2423;2012-07-27T11:12;2012-07-27T17:45
2424;2012-07-30T07:01;2012-07-30T16:21
2425;2012-07-31T11:40;2012-07-31T19:16
2426;2012-08-01T12:52;2012-08-01T20:05
2427;2012-08-02T09:31;2012-08-02T17:20
2428;2012-08-03T12:45;2012-08-03T18:07
2429;2012-08-06T07:01;2012-08-06T20:47
2430;2012-08-07T09:03;2012-08-07T17:09
2431;2012-08-08T07:21;2012-08-08T20:17
2432;2012-08-09T07:57;2012-08-09T19:09
2433;2012-08-10T12:46;2012-08-10T20:11
2434;2012-08-13T05:35;2012-08-13T17:02
2435;2012-08-14T09:29;2012-08-14T19:41
2436;2012-08-15T11:30;2012-08-15T20:47
2437;2012-08-16T09:43;2012-08-16T20:07
2438;2012-08-17T12:34;2012-08-17T16:35
2439;2012-08-20T11:38;2012-08-20T20:09
2440;2012-08-21T09:45;2012-08-21T16:44
2441;2012-08-22T10:09;2012-08-22T20:21
2442;2012-08-23T07:32;2012-08-23T17:28
2443;2012-08-24T09:52;2012-08-24T16:23
2444;2012-08-27T10:05;2012-08-27T16:19
2445;2012-08-28T11:00;2012-08-28T18:39
2446;2012-08-29T07:28;2012-08-29T19:56
2447;2012-08-30T09:18;2012-08-30T18:47
2448;2012-08-31T07:44;2012-08-31T20:55
2449;2012-09-03T11:52;2012-09-03T17:03
2450;2012-09-04T09:32;2012-09-04T19:54
2451;2012-09-05T06:27;2012-09-05T18:09
2452;2012-09-06T07:00;2012-09-06T16:54
2453;2012-09-07T12:11;2012-09-07T18:34
2454;2012-09-10T08:25;2012-09-10T19:40
2455;2012-09-11T10:52;2012-09-11T19:06
2456;2012-09-12T05:55;2012-09-12T18:13
2457;2012-09-13T07:49;2012-09-13T17:01
2458;2012-09-14T11:15;2012-09-14T17:32
2459;2012-09-17T09:00;2012-09-17T18:18
2460;2012-09-18T06:11;2012-09-18T19:43
2461;2012-09-19T11:29;2012-09-19T16:50
2462;2012-09-20T07:38;2012-09-20T19:28
2463;2012-09-21T09:43;2012-09-21T18:09
2464;2012-09-24T09:16;2012-09-24T20:48
2465;2012-09-25T08:57;2012-09-25T16:16
2466;2012-09-26T12:13;2012-09-26T17:08
2467;2012-09-27T08:28;2012-09-27T20:22
2468;2012-09-28T08:04;2012-09-28T20:14
2469;2012-10-01T05:35;2012-10-01T17:01
2470;2012-10-02T08:48;2012-10-02T18:19
2471;2012-10-03T08:05;2012-10-03T17:49
2472;2012-10-04T07:13;2012-10-04T18:20
2473;2012-10-05T08:40;2012-10-05T19:15
2474;2012-10-08T10:45;2012-10-08T16:15
2475;2012-10-09T12:57;2012-10-09T16:38
2476;2012-10-10T12:32;2012-10-10T18:55
2477;2012-10-11T06:11;2012-10-11T16:42
2478;2012-10-12T08:03;2012-10-12T19:42
2479;2012-10-15T08:57;2012-10-15T19:47
2480;2012-10-16T08:56;2012-10-16T20:27
2481;2012-10-17T06:15;2012-10-17T20:14
2482;2012-10-18T05:29;2012-10-18T19:42
2483;2012-10-19T12:57;2012-10-19T16:38
2484;2012-10-22T05:54;2012-10-22T18:55
2485;2012-10-23T06:56;2012-10-23T18:57
2486;2012-10-24T05:58;2012-10-24T20:26
2487;2012-10-25T07:43;2012-10-25T16:19
2488;2012-10-26T10:37;2012-10-26T19:48
2489;2012-10-29T11:58;2012-10-29T19:51
2490;2012-10-30T07:54;2012-10-30T20:18
2491;2012-10-31T12:34;2012-10-31T20:42
2492;2012-11-01T05:08;2012-11-01T19:22
2493;2012-11-02T08:18;2012-11-02T20:57
2494;2012-11-05T12:07;2012-11-05T19:36
2495;2012-11-06T12:55;2012-11-06T17:13
2496;2012-11-07T06:34;2012-11-07T17:32
2497;2012-11-08T10:49;2012-11-08T16:24
2498;2012-11-09T12:42;2012-11-09T18:13
2499;2012-11-12T06:43;2012-11-12T19:49
2500;2012-11-13T09:12;2012-11-13T20:38